city,country,activities
Abha,Saudi arabia,"[""Abha Dam Lake"", ""Abha Palace Hotel"", ""Al Bastah District"", ""Al Muftaha Village"", ""Al Sahab Park"", ""Al Soudah"", ""Al Soudah Cable Car"", ""Al-Habala Valley"", ""Andalus Park"", ""Art Street"", ""Aseer National Park"", ""Asir National Park"", ""Boulevard"", ""Fatima Museum"", ""Fog Walkway (Al Dhabab Walkway)"", ""Green Mountain (Jabal Al Akhdar)"", ""Green Mountain (Jebel Al Akhdar)"", ""Habala Cable Car"", ""Honey Market"", ""Jabal Sawda"", ""New Abha Cable Car"", ""Paragliding"", ""Rijal Alma Village"", ""Rijal Almaa"", ""Rijal Almaa Historical Village"", ""Rijal Almaa Village"", ""Rose Garden"", ""Sarawat Mountain Hike"", ""Shada Palace"", ""Shamsan Ottoman Castle"", ""Tamniah Museum"", ""Traditional Asiri Food"", ""Tuesday Market""]"
Abu Dhabi,United Arab Emirates,"[""Al Ain Zoo"", ""Al Hudayriat Island"", ""Al Qana"", ""Corniche Beach"", ""Desert Camping"", ""Desert Safari"", ""Dhow Cruise Dinner"", ""Eastern Mangrove Lagoon National Park"", ""Eastern Mangroves Promenade"", ""Emirates Palace"", ""Emirates Palace Hotel"", ""Emirates Park Zoo"", ""Ferrari World"", ""Ferrari World Abu Dhabi"", ""Finz Restaurant"", ""Heritage Village"", ""Louvre Abu Dhabi"", ""Manarat Al Saadiyat"", ""Mangrove National Park"", ""Marina Mall"", ""Observation Deck at 300"", ""Qasr Al Hosn"", ""Qasr Al Watan"", ""Saadiyat Beach Club"", ""Saadiyat Island"", ""Sheikh Zayed Grand Mosque"", ""Sheikh Zayed Mosque"", ""Sir Bani Yas Island"", ""Souk Central Market"", ""The Corniche"", ""The Lobby Lounge"", ""Wahat Al Karama"", ""Warner Bros. World Abu Dhabi"", ""Yas Island Nightlife"", ""Yas Mall"", ""Yas Marina"", ""Yas Marina Circuit"", ""Yas Waterworld""]"
Achakar,Morocco,"[""Beach and Cap Spartel Lighthouse""]"
Ada Bojana,Montenegro,"[""Relax at Ada Bojana Beach""]"
Aden,Yamen,"[""Aden Beach"", ""Cisterns of Tawila"", ""Tawila Tanks""]"
Agadir,Morocco,"[""Agadir Beach"", ""Beach and Resort"", ""Souss-Massa National Park"", ""Tagine Tasting at Souk El Had""]"
Ajloun,Jordan,"[""Ajloun Castle""]"
Ajman,United Arab Emirates,"[""Al Tallah Camel Racecourse"", ""Al Zorah Nature Reserve""]"
Akbou,Algeria,"[""Traditional Markets""]"
Al Ahsa,Saudi arabia,"[""Al Ahsa Oasis""]"
Al Birk,Saudi arabia,"[""Al Birk Beach""]"
Al Hoota Cave,Oman,"[""Cave Exploration""]"
Al Hudaydah,Yamen,"[""Culinary Experience at JUNEED""]"
Al Khobar,Saudi arabia,"[""Half Moon Bay""]"
Al Mahrah Region,Yamen,"[""Hawf Protected Area""]"
Al Namas,Saudi arabia,"[""Al Namas Museum"", ""Wadi Tihama Hike""]"
Al Soudah,Saudi arabia,"[""Al Sahab Park (Clouds Park)""]"
Al Ula,Saudi arabia,"[""Al Ula Old Town"", ""Elephant Rock (Jabal AlFil)"", ""Helicopter Tour"", ""Maraya Concert Hall"", ""Stargazing in Gharameel""]"
Al-Magar,Saudi arabia,"[""Al Maqar Museum""]"
Al-Namas,Saudi arabia,"[""Al Majarda Forest"", ""Al Namas Museum"", ""Qahtan Fort"", ""The Flower Men of Al-Namas""]"
Al-Ula,Saudi arabia,"[""Al-Ula Oasis"", ""Al-Ula Old Town"", ""Elephant Rock"", ""Hegra (Mada'in Saleh)""]"
AlUla,Saudi arabia,"[""Al Gharameel Rock Formations"", ""AlUla Fresh Farm"", ""AlUla Oasis Night Walk"", ""AlUla Old Town Night Tour"", ""AlUla Stairway and Giant Swing"", ""AlUla on Wheels"", ""Camel Caravan at Night"", ""Dadan and Jabal Ikmah Night Tour"", ""Daimumah Caf\u00e9"", ""Dance Performances at AlJadidah"", ""Desert Buggy Adventure"", ""Desert Meditation Session"", ""Evening Hot Air Balloon Ride"", ""Face Rock"", ""Hand Rock"", ""Harrat Uwayrid Lookout Point"", ""Madrasat Addeera Night Visit"", ""Night Hike in Hidden Valley"", ""Night Market"", ""Night Photography Workshop"", ""Okto Restaurant at Harrat Viewpoint"", ""Rock Bridge"", ""Vessel Hole Rock"", ""Winter Park"", ""Zipline Adventure""]"
Albacete,Spain,"[""Lagunas de Ruidera""]"
Alexandria,Egypt,"[""Alban Makka"", ""Alban Swisra (Cheese Lovers\u2019 Heaven)"", ""Alexandria Corniche"", ""Alflah Restaurant"", ""Athineos Caf\u00e9"", ""Azza Ice Cream"", ""Balbaa Village for Seafood"", ""Bibliotheca Alexandrina"", ""Carob Amal"", ""Catacombs of Kom El Shoqafa"", ""Dahab Restaurant"", ""D\u00e9lices P\u00e2tisserie"", ""El Horreya Cafe"", ""El-Sheikh Wafik"", ""Fayrouz Restaurant"", ""Fish Market (Halaket El-Samak)"", ""Kalamari"", ""Koshary 3la El Sohkhn"", ""Liver & Sausage Street Food"", ""Mohamed Ahmed (Breakfast Spot)"", ""Mohamed Ahmed (Ful & Taameya)"", ""Mohamed Ahmed Restaurant"", ""Montazah Palace and Gardens"", ""Mori Sushi"", ""Octopus"", ""Qaitbay Citadel"", ""Royal Jewelry Museum"", ""Sari Shrimps"", ""Sea Bream"", ""Sweets Syrian Palace"", ""Tea Palace Island"", ""White and Blue (The Greek Club)"", ""Windsor Palace Hotel Rooftop Bar""]"
Alghero,Italy (sardinia),"[""Explore the Old Town"", ""Relax at Spiaggia di Maria Pia"", ""Snorkel at Bombarde Beach"", ""Take a Sunset Boat Tour"", ""Taste Lobster Catalan Style"", ""Try Mirto, Sardinia\u2019s Traditional Liqueur"", ""Visit Neptune\u2019s Grotto"", ""Visit the Nuraghe Palmavera"", ""Walk Along the Bastioni""]"
Algiers,Algeria,"[""Botanical Garden Hamma"", ""Dar Hassan Pasha Museum"", ""El Aurassi Hotel Bar"", ""Kasbah of Algiers"", ""Martyrs' Memorial (Makam E\u2019shaheed)"", ""Museum of Modern Art (MaMa)"", ""Notre Dame d\u2019Afrique""]"
Alicante,Spain,"[""Castillo de Santa B\u00e1rbara Secret Tunnels"", ""Cova Tallada Sea Cave""]"
Almería,Spain,"[""Mini Hollywood (Tabernas Desert)"", ""Playa de los Muertos""]"
Amalfi Coast,Italy,"[""Drive the Amalfi Coast"", ""Visit Positano""]"
Amman,Jordan,"[""Abu Ahmad Orient Sweets"", ""Abu Darwish Mosque"", ""Abu Jbara"", ""Abu Mahjoub"", ""Al Quds Restaurant"", ""Al-Balad"", ""Al-Dayaa"", ""Amman Food Tours"", ""Bab Al Yemen"", ""Bait Khairat Souf"", ""Beit Sitti"", ""Beit Sitti Cooking Class"", ""Citadel"", ""Fairmont Amman\u2019s Nur"", ""Fakhreldin"", ""Habiba"", ""Habibah Sweets"", ""Hashem Restaurant"", ""Jabal Al-Qala'a"", ""Jafra Caf\u00e9"", ""Jordan Heritage Restaurant"", ""Jordan Museum"", ""Jordanian Coffee Experience"", ""King Abdullah Mosque"", ""Maqloubeh"", ""Nur"", ""Old Signs Museum"", ""Rainbow Street"", ""Roman Theater"", ""Shawarma Reem"", ""Sitti Zama"", ""Sufra Restaurant"", ""Tannour Bread Experience"", ""Wild Jordan Center"", ""Zajal""]"
Amorgos,Greece,"[""Discover Agia Anna Beach"", ""Visit the Cliffside Monastery of Hozoviotissa""]"
Amwaj,Bahrain,"[""Amwaj Islands""]"
Anjouan,Comoros,"[""Anjouan Old Town"", ""Chissioua Mtsamboro"", ""Lac Dzialandz\u00e9"", ""Mount Ntingui Hike"", ""Tropical Plantations Tour"", ""Waterfalls of Anjouan""]"
Annaba,Algeria,"[""Basilica of St. Augustine"", ""Hippo Regius""]"
Antalya,Turkey,"[""Antalya Aquarium"", ""Antalya Archaeological Museum"", ""Antalya Marina"", ""Antalya Zoo"", ""Aspendos Theatre"", ""Beach Day at Lara"", ""Duden Waterfalls"", ""Hadrian's Gate"", ""Hidirlik Tower"", ""Kaleici (Old Town)"", ""Karaalioglu Park"", ""Karaalio\u011flu Park"", ""Konyaalti Beach"", ""Koprulu Canyon"", ""Manavgat Waterfall"", ""Olympos and Chimaera"", ""Perge Ancient City"", ""Phaselis Ancient City"", ""Termessos""]"
Aqaba,Jordan,"[""Aqaba Castle"", ""Diving"", ""Snorkeling""]"
Asilah,Morocco,"[""Beach and Arts Festival""]"
Asturias,Spain,"[""Bufones de Pr\u00eda"", ""Playa de Gulpiyuri""]"
Aswan,Egypt,"[""Abu Simbel Temples"", ""Aswan Felucca Ride"", ""Cultural Show at Old Cataract"", ""El Masry Restaurant"", ""Koshari El Shabrawy"", ""Nubian House Restaurant"", ""Nubian Village"", ""Nubian Village Home Cooking"", ""Nubian Village Visit"", ""Philae Temple""]"
Athens,Greece,"[""Explore Anafiotika"", ""Hidden Cave Church of Agios Nikolaos Ragavas"", ""Rooftop Cinema Experience"", ""Secret Underground Tunnels Tour"", ""Street Art Walk in Exarchia"", ""Traditional Greek Cooking Class""]"
Atlas Mountains,Morocco,"[""Ait Benhaddou"", ""Toubkal National Park""]"
Avila,Spain,"[""The Hidden Walkway on Avila\u2019s City Walls""]"
Ayia Napa,Cyprus,"[""Cape Greco and Blue Lagoon"", ""Cliff Jumping at Cape Greco"", ""Explore the Sea Caves"", ""Explore the Underwater Sculpture Museum"", ""Love Bridge"", ""Party at the Legendary Ayia Napa Nightclubs"", ""Relax at Nissi Beach"", ""Visit the Ayia Napa Monastery""]"
Azraq,Jordan,"[""Azraq Wetland Reserve""]"
Baakline,Lebanon,"[""Baakline Waterfalls""]"
Baalbek,Lebanon,"[""Baalbek International Festival"", ""Roman Ruins""]"
Badajoz,Spain,"[""La Codosera Natural Pools""]"
Badajoz (Extremadura),Spain,"[""Alcazaba of Badajoz""]"
Bar,Montenegro,"[""Discover Rumija Mountain"", ""Explore the Olive Tree of Mirovica"", ""Swim at Red Beach"", ""Tour the Old Bar (Stari Bar)"", ""Visit the Church of St. Jovan Vladimir"", ""Visit the King Nikola\u2019s Palace in Bar""]"
Barcelona,Spain,"[""Antic Teatre"", ""Avinguda del Tibidabo"", ""Bar El Bosc de Les Fades"", ""Bar Marsella"", ""Bar Mut"", ""Biblioteca Ar\u00fas"", ""Bunkers del Carmel"", ""Cactus Garden (Jardins de Moss\u00e8n Costa i Llobera)"", ""CaixaForum"", ""Can Framis Museum"", ""Can Masdeu"", ""Carmel Bunkers Night Picnic"", ""Carmel Market (Mercat del Carmel)"", ""Carrer de Petritxol"", ""Carrer de les Aig\u00fces"", ""Carrer del Bisbe"", ""Casa Amatller"", ""Casa Vicens"", ""Casa de les Punxes"", ""Cementiri de Montju\u00efc"", ""Cova Fumada"", ""El Born Centre de Cultura i Mem\u00f2ria"", ""El Bosc de Les Fades"", ""El Celler de Can Roca (Barcelona Location)"", ""El Pati Llimona"", ""El Refugi 307"", ""Espai Volart (Fundaci\u00f3 Vila Casas)"", ""Fossar de les Moreres"", ""F\u00e0brica Lehmann"", ""Gr\u00e0cia Neighborhood"", ""Hidden Beach at Platja de la Mar Bella"", ""Hidden Bodega: Bodega Maestrazgo"", ""Hidden Mosaic at Pla\u00e7a d\u2019Isidre Nonell"", ""Hidden Roman Columns (Temple of Augustus)"", ""Hidden Rooftop Garden at El Corte Ingl\u00e9s"", ""Hidden Rooftop at Museu d\u2019Hist\u00f2ria de Catalunya"", ""Hidden WWII Air-Raid Shelters in Gr\u00e0cia"", ""Hospital de Sant Pau"", ""Jardins de Laribal"", ""Jardins de Rubi\u00f3 i Lluch"", ""Jardins de la Tamarita"", ""Joan Mir\u00f3 Foundation"", ""La Caseta del Migdia"", ""La Confiteria"", ""La Escocesa"", ""La Xampanyeria (Can Paixano)"", ""MUHBA Tur\u00f3 de la Rovira"", ""Magic Fountain Light Show (off-peak times)"", ""Mas Ravetllat-Pla"", ""Mercat de Sant Antoni (Sundays)"", ""Mercat de la Concepci\u00f3"", ""Mirador de Sarri\u00e0"", ""Montju\u00efc Cactus Park"", ""Montju\u00efc Secret Slides"", ""Montju\u00efc\u2019s Hidden Gardens"", ""Museu de la M\u00fasica (Music Museum)"", ""Observatori Fabra"", ""Palau Bar\u00f3 de Quadras"", ""Parc de la Creueta del Coll"", ""Parc de la Pegaso"", ""Parc de les Aig\u00fces"", ""Parc del Guinard\u00f3"", ""Parc del Laberint d\u2019Horta"", ""Passatge de Sert"", ""Pedralbes Monastery"", ""Pla\u00e7a de Les Olles"", ""Pla\u00e7a de Sant Agust\u00ed Vell"", ""Pla\u00e7a de Sant Felip Neri"", ""Pla\u00e7a de Sant Gaiet\u00e0"", ""Pla\u00e7a de Sant Pere"", ""Pla\u00e7a de la Barceloneta"", ""Pla\u00e7a de la Concordia (Les Corts)"", ""Pla\u00e7a de la Vila de Gr\u00e0cia"", ""Pla\u00e7a de la Virreina"", ""Pla\u00e7a de la Virreina Jazz Nights"", ""Pla\u00e7a del Diamant"", ""Pla\u00e7a del Poble Roman\u00ed"", ""Pla\u00e7a d\u2019Osca (Sants)"", ""Poble Sec Tapas Crawl"", ""Poblenou Cemetery"", ""Port Vell Marina Walk"", ""Rambla del Poblenou"", ""Recinte Modernista de Sant Pau"", ""Refugi Antiaeri de la Pla\u00e7a del Diamant"", ""Sant Andreu Neighborhood"", ""Sant Andreu\u2019s Hidden Art Alley"", ""Sant Pau del Camp Monastery"", ""Santa Caterina Market"", ""Secret Rooftop Bars (El Born)"", ""Secret Terraces at Palau G\u00fcell"", ""Taller de Tapas (Poble Sec)"", ""Teatre Grec"", ""The Greenhouse of Parc de la Ciutadella"", ""The Kiss of Freedom Mural"", ""The Rooftop at Hotel Col\u00f3n"", ""The Secret Garden of Jardins de Can Sentmenat"", ""The Secret Rooftop at Hotel Pulitzer"", ""The Street of Umbrellas (Carrer de l\u2019Enric Granados)"", ""Torre Bellesguard"", ""Torre Gl\u00f2ries Observation Deck"", ""Underground Roman Ruins at MUHBA""]"
Batroun,Lebanon,"[""Batroun Nightlife"", ""Kfarhelda Waterfalls"", ""Phoenician Wall""]"
Beirut,Lebanon,"[""Beirut National Museum"", ""Beit Beirut"", ""Hamra Street"", ""Jeita Grotto"", ""Pigeon Rocks (Raouche)"", ""Sursock Museum""]"
Bejaia,Algeria,"[""Gouraya National Park""]"
Bijelo Polje,Montenegro,"[""Trek to Zabojsko Lake"", ""Visit the \u0110ur\u0111evi Stupovi Monastery"", ""Visit \u0110alovi\u0107a Cave""]"
Bilbao,Spain,"[""La Ribera Market Hidden Jazz Bar"", ""Pasaje de las Ladrilleras""]"
Billasmar,Saudi arabia,"[""Shada Mountain""]"
Bimmah Sinkhole,Oman,"[""Swimming""]"
Biogradska Gora National Park,Montenegro,"[""Explore Biogradska Lake""]"
Birgu (Vittoriosa),Malta,"[""Fort St. Angelo""]"
Bisha,Saudi arabia,"[""Al Soudah Park""]"
Bizerte,Tunisia,"[""Bizerte Beaches"", ""Caf\u00e9 Culture"", ""Cap Blanc"", ""Corniche Beach"", ""Dar El Kasbah"", ""Fort d'Espagne"", ""Great Mosque of Bizerte"", ""Ichkeul National Park"", ""Medina of Bizerte"", ""Museum of Wetlands"", ""Old Port of Bizerte"", ""Sidi El Mekki Mausoleum"", ""Spanish Fort""]"
Blue Nile Region,Sudan,"[""Dinder National Park""]"
Bodrum,Turkey,"[""Bar Street (Cumhuriyet Street)"", ""Bitez Beach"", ""Bodrum Amphitheatre"", ""Bodrum Bazaars"", ""Bodrum Castle"", ""Bodrum Marina"", ""Bodrum Maritime Museum"", ""Camel Beach"", ""Mausoleum of Halicarnassus"", ""Ortakent-Yah\u015fi Beach"", ""Pedasa Ancient City"", ""Sailing on a Gulet"", ""Turkish Bath (Hammam)"", ""Windmills of Bodrum"", ""Zeki Muren Arts Museum""]"
Bologna,Italy,"[""Try Traditional Bolognese Pasta""]"
Bosa,Italy (sardinia),"[""Climb to Malaspina Castle"", ""Explore the Colorful Streets of Bosa"", ""Explore the Painted Murals of Tinnura"", ""Take a Boat Trip on the Temo River"", ""Try Bosa\u2019s Famous Malvasia Wine""]"
Bouznika,Morocco,"[""Family-Friendly Beach""]"
Brač,Croatia,"[""Discover Dragon\u2019s Cave (Zmajeva \u0160pilja)"", ""Hike Vidova Gora"", ""Rock Climbing at Lo\u017ei\u0161\u0107a""]"
Budaiya,Bahrain,"[""Royal Camel Farm""]"
Budva,Montenegro,"[""Paragliding over Budva"", ""Party at Top Hill Nightclub"", ""Snorkeling at the Jaz Beach"", ""Visit Mogren Beach"", ""Visit St. Sava Church"", ""Walk the Budva Old Town and Citadel""]"
Burgos,Spain,"[""Atapuerca Archaeological Site"", ""Cartuja de Miraflores""]"
Bursa,Turkey,"[""Green Mosque and Tomb""]"
Byblos,Lebanon,"[""Byblos Castle"", ""Old Souks"", ""St. Jean Marc Church""]"
Cadiz,Spain,"[""Callej\u00f3n del Duende (Alley of the Spirit)"", ""Genov\u00e9s Park Hidden Cave Waterfall""]"
Cagliari,Italy (sardinia),"[""Explore the Molentargius Nature Park"", ""Explore the Roman Amphitheater"", ""Explore the Tower of the Elephant"", ""Hike to Sella del Diavolo"", ""Relax at Poetto Beach"", ""Shop at San Benedetto Market"", ""Take a Day Trip to Chia Beach"", ""Take a Sunset Aperitivo at Bastione di Saint Remy"", ""Try Fregola with Clams at Antica Cagliari"", ""Try Traditional Sardinian Cuisine at Sa Domu Sarda"", ""Visit the Basilica of San Saturnino"", ""Visit the Castello District"", ""Visit the Crypt of Santa Restituta""]"
Cairo,Egypt,"[""139 Pavilion Restaurant"", ""9 Pyramids Lounge"", ""Abdeen Palace"", ""Abou Tarek"", ""Abou Tarek (Koshari)"", ""Al Ahd Al Gadid Restaurant"", ""Al Fishawi Caf\u00e9"", ""Al Fishawy Caf\u00e9"", ""Al Ghouri Complex"", ""Al-Andalus Garden Visit"", ""Al-Azhar Mosque"", ""Al-Azhar Park"", ""Al-Azhar Park Visit"", ""Al-Azhar University"", ""Al-Hakim Mosque"", ""Al-Hussein Restaurant"", ""Al-Moez Street Performances"", ""Al-Muizz Street"", ""Al-Rifa'i and Sultan Hassan Mosques"", ""Authentic Egyptian Sweets"", ""Bab Zuweila"", ""Bayt Al-Suhaymi"", ""Bellies En-Route Cooking Class"", ""Cairo Botanical Gardens"", ""Cairo Food Week"", ""Cairo Jazz Club"", ""Cairo Opera House"", ""Cairo Opera House Dining"", ""Cairo Tower"", ""Citadel of Saladin"", ""Citadel of Salah El-Din"", ""Contemporary Art at Cairo Opera House"", ""Coptic Cairo"", ""Coptic Museum"", ""Dahshur"", ""Dinner Cruise on the Nile River"", ""Downtown Cairo Food Tour"", ""Downtown Cairo Walk"", ""Egyptian BBQ at Kebdet El Prince"", ""Egyptian Cooking & Market Experience"", ""Egyptian Museum"", ""Egyptian Museum Visit"", ""Egyptian Street Food Sampling"", ""El Malky Desserts"", ""El Prince (Imbaba)"", ""El Sawy Culture Wheel"", ""El Sawy Culturewheel"", ""Fasahet Somaya"", ""Felfela Restaurant"", ""Felucca Boat Ride on the Nile"", ""Felucca Picnic"", ""Felucca Ride on the Nile"", ""Feteer Meshaltet"", ""Garbage City and Cave Church"", ""Gezira Island"", ""Hamam Mashi"", ""Hanging Church"", ""Hawawshi El Refaey"", ""Ibn Battuta Mall"", ""Kebabgy Restaurant"", ""Khan El Khalili Bazaar"", ""Khan El Khalili Bazaar at Night"", ""Khan El Khalili Food Tour"", ""Khan El Khalili Street Food"", ""Khan el-Khalili Bazaar"", ""Koshari El Tahrir"", ""Koshary Abou Tarek"", ""Mandarine Koueider"", ""Modern Malls for Late-Night Shopping"", ""Moez Street"", ""Molokhya"", ""Mosque of Ibn Tulun"", ""Nighttime Boat Tour"", ""Nile Corniche Stroll"", ""Nile Dinner Cruise"", ""Nile River Cruise"", ""Om Hassan"", ""Open-Air Caf\u00e9s"", ""Pyramids of Giza"", ""Pyramids of Giza under a starry sky"", ""Rawi at Cairo Sheraton"", ""Rooftop Dining with Panoramic Views"", ""Saqqara"", ""Sound and Light Show at the Giza Plateau"", ""Studio Masr Restaurant"", ""Sufi Dance Performance at Al-Ghouri Complex"", ""Sufi Dance at Al-Ghouri Complex"", ""Taboula Restaurant"", ""Tentmakers\u2019 Market"", ""The Greek Club"", ""Theater Performance at Cultural Centers"", ""Traditional Egyptian Dinner with Live Music"", ""U Bistro & Bar"", ""Whirling Dervishes Show"", ""Zabbaleen\u2019s Garbage City"", ""Zamalek"", ""Zooba"", ""Zooba (Modern Egyptian Street Food)""]"
Canakkale,Turkey,"[""Gallipoli Battlefields""]"
Cantabria,Spain,"[""Comillas Gaud\u00ed\u2019s El Capricho"", ""Cueva El Soplao""]"
Cappadocia,Turkey,"[""Avanos Pottery Workshops"", ""Cavusin Village"", ""Derinkuyu Underground City"", ""G\u00f6reme Open Air Museum"", ""G\u00f6reme Town"", ""Horseback Riding"", ""Hot Air Balloon Ride"", ""Ihlara Valley Hike"", ""Love Valley Hike"", ""Pasabag (Monks Valley)"", ""Selime Monastery"", ""Sunset at Panorama Point"", ""Uchisar Castle"", ""Wine Tasting in \u00dcrg\u00fcp"", ""Zelve Open Air Museum""]"
Carbonia,Italy (sardinia),"[""Tour the Monte Sirai Archaeological Site""]"
Casablanca,Morocco,"[""Corniche"", ""Dessert at P\u00e2tisserie Bennis Habous"", ""Dine at La Sqala"", ""Dine at Le Petit Rocher"", ""Dine at Rick's Caf\u00e9"", ""Dining at Rick's Caf\u00e9"", ""Drink at Brooklyn Bar"", ""Drink at Le Cabestan"", ""Enjoy Live Music at Bodega"", ""Experience Shisha at La Sqala"", ""Hassan II Mosque"", ""Hidden Gem: March\u00e9 Central"", ""Night Stroll in Habous Quarter"", ""Party at Sky 28"", ""Quartier Habous"", ""Seafood Dining at Port de P\u00eache"", ""Visit Ain Diab Corniche"", ""Visit Maison B Restaurant & Bar""]"
Castellón,Spain,"[""Penyagolosa Natural Park""]"
Cedars,Lebanon,"[""Cedars of God""]"
Cetinje,Montenegro,"[""Explore the National Museum of Montenegro"", ""Visit King Nikola\u2019s Palace Museum"", ""Visit the Cetinje Monastery"", ""Visit the Lipska Cave""]"
Ceuta (Spanish North Africa),Spain,"[""Monte Hacho Secret Fort""]"
Chefchaouen,Morocco,"[""Akchour Waterfalls"", ""Authentic Moroccan Cooking Class"", ""Bridge of God"", ""Dessert at P\u00e2tisserie Aladdin"", ""Dine at Cafe Restaurant Beldi Bab Ssour"", ""Explore Local Bazaars"", ""Fresh Orange Juice"", ""Hammam Experience"", ""Hidden Gem: Local Family Cooking Classes"", ""Hike to the Spanish Mosque"", ""Hiking in the Rif Mountains"", ""Kasbah Museum"", ""Local Souk"", ""Plaza Uta el-Hammam"", ""Ras El Maa Waterfall"", ""Rooftop Cafes"", ""Take a Cooking Class"", ""Visit Hashish Farms"", ""Wander the Blue Streets""]"
Chenini,Tunisia,"[""Berber Village"", ""Berber Village of Chenini""]"
Cherchell,Algeria,"[""Cherchell Archaeological Museum"", ""Royal Mausoleum of Mauretania""]"
Chouwen,Lebanon,"[""Chouwen Lake""]"
Chénini,Tunisia,"[""Village Exploration""]"
Cinque Terre,Italy,"[""Hike Between the Villages"", ""Sunset at Manarola""]"
Comino,Malta,"[""Blue Lagoon"", ""Crystal Lagoon (Hidden Gem)""]"
Comoros Islands,Comoros,"[""Cooking Class in Moh\u00e9li"", ""Eco-Tourism Projects"", ""Island-Hopping Tour"", ""Local Market Visits"", ""Mangrove Exploration"", ""Photography Tours"", ""Traditional Festivals"", ""Whale Watching Tour"", ""Wildlife Safaris""]"
Constantine,Algeria,"[""Museum of Cirta"", ""Palace of Ahmed Bey"", ""Sidi M\u2019Cid Bridge""]"
Corfu,Greece,"[""Boat Trip to Paxos & Antipaxos"", ""Explore Old Perithia Village"", ""Hike to Angelokastro Castle"", ""Olive Oil Tasting at a Traditional Farm"", ""Secret Beach: Porto Timoni"", ""Visit the Achilleion Palace""]"
Costa Smeralda,Italy (sardinia),"[""Explore the Giants\u2019 Tombs of Coddu Vecchiu"", ""Go Wine Tasting in the Gallura Region"", ""Relax at Spiaggia del Principe"", ""Visit Porto Cervo Marina"", ""Visit the Maddalena Archipelago""]"
Cres,Croatia,"[""Explore Blue Cave on Cres Island""]"
Cres Island,Croatia,"[""Visit Lubenice Village""]"
Crete,Greece,"[""Loutro Village"", ""Matala Caves"", ""Samaria Gorge Hike"", ""Visit Spinalonga Island"", ""Wine & Olive Oil Tasting in Chania""]"
Cuenca,Spain,"[""Casas Colgadas (Hanging Houses)"", ""La Ciudad Encantada (Enchanted City)""]"
Cádiz,Spain,"[""Castillo de San Sebasti\u00e1n Hidden Pier Walk"", ""La Vi\u00f1a Hidden Tapas Street""]"
Córdoba,Spain,"[""Calleja de las Flores"", ""Medina Azahara Ruins""]"
Dahab,Egypt,"[""Ali Baba Restaurant"", ""Beachfront Cafes and Bars"", ""Blue Hole"", ""Blue Lagoon"", ""Dahab Street Food Tour"", ""Mount Sinai"", ""Ras Abu Galum"", ""Shark Restaurant""]"
Dalia Beach,Morocco,"[""Beach and Scenic Views""]"
Dammam,Saudi arabia,"[""Adventure World"", ""Al Danah Island"", ""Al Khayala"", ""Al Khodariyah"", ""Al Marjan Island"", ""Al Othaim Mall"", ""Al Shatea Mall"", ""Al-Rashid Mall"", ""Aljowharah Museum"", ""Camping"", ""Dammam Corniche"", ""Dammam Regional Museum"", ""Desert Safari"", ""Desert Xplorers"", ""Dolphin Village"", ""Half Moon Bay"", ""Half Moon Beach"", ""Heritage Village"", ""Khobar Lakes"", ""King Abdulaziz Center for World Culture (Ithra)"", ""King Fahad Causeway"", ""King Fahd Park"", ""Mahara Carting Track"", ""Marina Mall"", ""Paintball Battle"", ""Saffori Land"", ""Tarout Castle"", ""Taybeen Museum"", ""Tick Tok Escape Room"", ""Water Island""]"
Dana Biosphere,Jordan,"[""Hiking""]"
Danilovgrad,Montenegro,"[""Visit Ostrog Monastery""]"
Darfur Region,Sudan,"[""Jebel Marra""]"
Dead Sea,Jordan,"[""Baptism Site at Bethany Beyond the Jordan"", ""Crowne Plaza Resort Day Pass"", ""Dead Sea Art Experience"", ""Dead Sea Museum"", ""Dead Sea Panoramic Complex"", ""Dead Sea Spa Hotel Day Pass"", ""Diving at Aqaba"", ""Ein Bokek to Neve Zohar Cycling Route"", ""Feynan Ecolodge"", ""Floating"", ""Floating at Amman Beach"", ""Jeep Safari in Wadi Rum"", ""Kempinski Hotel Ishtar Day Pass"", ""Kerak Castle"", ""King's Highway Scenic Drive"", ""Ma'in Hot Springs"", ""Ma'in Hot Springs Resort"", ""Madaba Mosaic Map at St. George's Church"", ""Mount Nebo"", ""Mud Bath"", ""Mud Bath at Amman Beach"", ""Mujib Biosphere Reserve"", ""Mujib Chalets"", ""Nebo's Restaurant"", ""Salt Formations Exploration"", ""Star Gazing at Wadi Rum"", ""Sunset Yoga at Amman Beach"", ""Sunset at Panorama Dead Sea Complex"", ""Wadi Mujib Siq Trail"", ""Wadi Numeira"", ""Zara Cliff Walk"", ""Zikra Initiative""]"
Delphi,Greece,"[""Ancient Oracle of Delphi Visit"", ""Hike to Corycian Cave""]"
Desert Castles,Jordan,"[""Qasr Amra""]"
Desert Region,Sudan,"[""Bayuda Desert""]"
Dhahran Al Janub,Saudi arabia,"[""Hot Springs""]"
Dingli,Malta,"[""Dingli Cliffs Sunset View""]"
Djanet,Algeria,"[""Tassili N\u2019Ajjer Rock Paintings""]"
Djerba,Tunisia,"[""Djerbahood"", ""Eat Octopus Sandwich at Caf\u00e9 des D\u00e9lices"", ""Enjoy Brick \u00e0 l'\u0153uf at Restaurant de l'ile"", ""Ghriba Synagogue"", ""Horse Riding"", ""Houmt Souk"", ""Jewish Heritage"", ""Sample Couscous at Chez Mamie"", ""Try Mloukhiya at Chez Hattab""]"
Doha,Qatar,"[""Al Shaqab Equestrian Center"", ""Al Thakira Mangroves"", ""Al Zubarah Fort"", ""Angry Birds World"", ""Aqua Lounge"", ""Aspire Park"", ""Banana Island"", ""Barzan Towers"", ""Champions Bar"", ""Desert Safari"", ""Dhow Boat Ride"", ""Dhow Cruise"", ""Doha Corniche"", ""Doha Festival City"", ""Doha Fire Station Art Gallery"", ""Doha Grand Prix"", ""Jazz Club at Oryx Rotana"", ""Katara Cultural Village"", ""La Mar Restaurant"", ""Museum of Islamic Art"", ""Museum of Islamic Art Park"", ""National Museum of Qatar"", ""Opera House"", ""Orion Bar"", ""Private Yacht Cruise"", ""Qatar National Museum"", ""Qube Nightclub"", ""Sheikh Faisal Bin Qassim Al Thani Museum"", ""Sora Rooftop Restaurant"", ""Souq Waqif"", ""State Grand Mosque"", ""Tche Tche Caf\u00e9"", ""The Club at St. Regis"", ""The Pearl-Qatar"", ""The Torch Doha"", ""Traditional Folklore Performance"", ""Villaggio Mall"", ""Z Lounge by Zengo""]"
Dorgali,Italy (sardinia),"[""Explore the Gola Su Gorropu Canyon"", ""Hike to Tiscali, a Hidden Nuragic Village"", ""Visit Cala Luna Beach by Boat or Hike""]"
Dougga,Tunisia,"[""Dougga Ruins""]"
Douiret,Tunisia,"[""Berber Village"", ""Trekking""]"
Douz,Tunisia,"[""Camel Trekking"", ""Douz Market"", ""Enjoy Merguez at a Desert Camp"", ""Enjoy M\u00e9choui in the Desert"", ""Festival of the Sahara"", ""Taste Bambalouni at a Local Stall"", ""Try Harissa Sauce at a Local Market""]"
Dubai,United Arab Emirates,"[""AYA Universe"", ""Abra Ride on Dubai Creek"", ""Al Bastakiya Quarter"", ""Al Dawaar"", ""Al Fahidi Historical Neighborhood"", ""Al Hadheerah"", ""Al Maha Resort Desert Picnic"", ""Al Satwa District"", ""Al Seef Night Market"", ""Al Ustad Special Kebab"", ""Anantara The Palm"", ""AquaFun Water Park"", ""Aquaventure Waterpark"", ""Arabian Tea House"", ""Arabic Coffee"", ""At. Mosphere, Burj Khalifa"", ""At.mosphere in Burj Khalifa"", ""Avatara"", ""Big Bus Night Tour"", ""Bu Qtair"", ""Burj Al Arab Afternoon Tea"", ""Burj Khalifa"", ""Burj Khalifa VIP Sky Lounge"", ""Camel Polo"", ""Camel Racing"", ""Chebab"", ""Deep Dive Dubai"", ""Desert Safari"", ""Desert Safari and Camel Ride"", ""Dhow Cruise Dinner"", ""Dine Around at Burj Al Arab"", ""Dinner Cruise at JA Bateaux"", ""Dinner in the Sky"", ""Dubai Aquarium & Underwater Zoo"", ""Dubai Creek"", ""Dubai Fountain Show"", ""Dubai Frame"", ""Dubai Mall"", ""Dubai Marina"", ""Dubai Marina Walk"", ""Dubai Miracle Garden"", ""Dubai Opera"", ""Dubai Water Canal Cruise"", ""Elevator Dining Experience"", ""Falconry Experience"", ""Flyboarding"", ""Girl and the Goose"", ""Global Village"", ""Gyrocopter Flight"", ""Haus of Vo"", ""Helicopter Tour"", ""Helicopter Tour Over The World Islands"", ""High Tea at Mosaico, Palazzo Versace"", ""Horse Riding at Al Dhabi Stables"", ""Hot Air Balloon Ride"", ""IMG Worlds of Adventure"", ""JBR Beach Walk"", ""Jumeirah Beach"", ""Jumeirah Mosque"", ""Kanafeh"", ""Kayaking at Hatta Dam"", ""Khubz and Khameer"", ""Kuv\u2019s Secret Supper Club"", ""La Mer"", ""La Mer Beachside Eateries"", ""La Perle by Dragone"", ""Luqaimat"", ""Madinat Jumeirah"", ""Mall of the Emirates"", ""Manousheh"", ""Motiongate Theme Park"", ""Night Desert Safari"", ""Nobu, Atlantis The Palm"", ""Noire"", ""Ossiano"", ""Ossiano Underwater Restaurant"", ""Ossiano, Atlantis The Palm"", ""Overnight Desert Glamping"", ""Palm Jumeirah"", ""Personalized Shopping Spree"", ""Private Dinner at the Dubai Opera"", ""Private Tour of The Museum of the Future"", ""Private Yacht Dinner"", ""Ras Al Khor Wildlife Sanctuary"", ""SALT"", ""Ski Dubai"", ""Ski Dubai Polar Pass"", ""Sky Views Dubai"", ""Skydiving over the Palm"", ""Sunset at The View at The Palm"", ""Talise Ottoman Spa"", ""Talisse Ottoman Spa"", ""Tano\u2019s at 8"", ""The Dubai Fountain"", ""The Dubai Fountain VIP Experience"", ""The Lost Chambers Aquarium"", ""The Pods"", ""Topgolf Dubai"", ""Umm Ali"", ""VIP Desert Safari"", ""VIP Marina Dhow Cruise"", ""VR Park Dubai"", ""Virtual Reality Park"", ""Yacht Cruise""]"
Dubrovnik,Croatia,"[""Hike Mount Sr\u0111"", ""Sea Kayaking Around Dubrovnik Walls"", ""Snorkeling at \u0160unj Beach, Lopud Island"", ""Swim at Pasja\u010da Beach"", ""Take a Game of Thrones Walking Tour"", ""Visit Lokrum Island"", ""Visit Trsteno Arboretum"", ""Walk the Dubrovnik City Walls""]"
Durmitor National Park,Montenegro,"[""Hike to Black Lake"", ""Ziplining over the Tara Canyon""]"
Eastern Sudan,Sudan,"[""Kassala's Weekly Market"", ""Totil Island""]"
Edirne,Turkey,"[""Selimiye Mosque""]"
El Djem,Tunisia,"[""El Djem Amphitheater""]"
El Haouaria,Tunisia,"[""Hiking Trails"", ""Roman Quarries"", ""Scuba Diving""]"
El Oued,Algeria,"[""City of a Thousand Domes""]"
Ephesus,Turkey,"[""Ancient City of Ephesus""]"
Essaouira,Morocco,"[""Cooking Class with a Local Chef"", ""Dessert at Gelateria Dolce Freddo"", ""Dine at Dar Mo\u2019da"", ""Dining on Fresh Fish"", ""Essaouira Beach"", ""Hidden Gem: Fish Market Grills"", ""Main Beach"", ""Medina of Essaouira"", ""Moroccan Pastries Workshop"", ""Skala de la Ville""]"
Evia,Greece,"[""Explore the Dragon Houses of Mount Ochi"", ""Hot Springs of Edipsos"", ""Swim in the Thermal Waters of Loutra Edipsou""]"
Extremadura (Cáceres),Spain,"[""Garganta de los Infiernos""]"
Extremadura (Mérida),Spain,"[""Roman Theater of M\u00e9rida at Night""]"
Fahaheel,Kuwait,"[""Al Kout Beach""]"
Famagusta,Cyprus,"[""Discover the Othello Tower"", ""Explore the Ghost Town of Varosha"", ""Relax at Konnos Bay"", ""Visit the Lala Mustafa Pasha Mosque"", ""Visit the Ruins of Salamis"", ""Walk Along the Venetian Walls""]"
Faraya,Lebanon,"[""Faraya-Mzaar Ski Resort""]"
Fayoum,Egypt,"[""Lazib Inn Resort & Spa Restaurant"", ""Tunis Village Food Experience"", ""Wadi El Rayan""]"
Fes,Morocco,"[""Bread Baking at a Local Bakery"", ""Dessert at Boulangerie Patisserie La Palais"", ""Dine at Restaurant Dar Hatim"", ""Hidden Gem: Cafe Clock"", ""Taste of Pastilla""]"
Fethiye,Turkey,"[""Lycian Way Hike"", ""Paragliding over \u00d6l\u00fcdeniz""]"
Fez,Morocco,"[""Al Quaraouiyine University and Library"", ""Bou Inania Madrasa"", ""Chouara Tannery"", ""Jnan Sbil Gardens"", ""Medina of Fez""]"
Florence,Italy,"[""Artisan Leather Shopping"", ""Bargello Museum (Hidden Gem)"", ""Basilica di Santa Croce"", ""Biblioteca delle Oblate"", ""Boboli Gardens"", ""Buchette del Vino (Hidden Gem)"", ""Climb the Duomo"", ""Climb the Duomo (Brunelleschi's Dome)"", ""Cooking Class with a Local Chef"", ""Florence\u2019s Hidden Speakeasies (Hidden Gem)"", ""Florence\u2019s Secret Bakeries (Hidden Gem)"", ""Galleria dell'Accademia"", ""Gelato Tasting at La Carraia"", ""Hidden Frescoes at Palazzo Vecchio"", ""La Specola Museum (Hidden Gem)"", ""Leonardo da Vinci Museum"", ""Medici Chapels"", ""Mercato Centrale"", ""Piazzale Michelangelo"", ""Pitti Palace"", ""Ponte Vecchio"", ""San Miniato al Monte (Hidden Gem)"", ""Santo Spirito Neighborhood"", ""Stibbert Museum (Hidden Gem)"", ""Traditional Tuscan Wine Tasting"", ""Truffle Hunting in Tuscany"", ""Uffizi Gallery"", ""Via de\u2019 Tornabuoni"", ""Walk Across Ponte Vecchio""]"
Formentera,Spain,"[""Es Cal\u00f3 de Sant Agust\u00ed Fishermen\u2019s Huts""]"
Formentera (Balearic Islands),Spain,"[""Cal\u00f3 des Mort Hidden Beach""]"
Fuerteventura,Spain,"[""Ajuy Caves""]"
Fuerteventura (Canary Islands),Spain,"[""Popcorn Beach""]"
Fujairah,United Arab Emirates,"[""Al Bidya Mosque"", ""Snoopy Island""]"
Gafsa,Tunisia,"[""Eat Chakchouka at a Local Cafe"", ""Roman Pools"", ""Taste Date Syrup at a Local Stall"", ""Try Berber Bread at a Local Market""]"
Galicia (Lugo),Spain,"[""Playa de las Catedrales""]"
Galicia (Ourense),Spain,"[""Termas de Outariz""]"
Ghardaia,Algeria,"[""Beni Isguen"", ""M\u2019zab Valley""]"
Gijón,Spain,"[""Cerro de Santa Catalina Park"", ""Laboral Ciudad de la Cultura""]"
Girona,Spain,"[""El Call (Jewish Quarter) Hidden Alleys"", ""Hanging Houses of Onyar""]"
Giza,Egypt,"[""Al Dawar"", ""Camel Market Food Tour"", ""Camel Riding at Sunset"", ""Fish Market Restaurant"", ""Saber for Dairy Desserts"", ""Solar Boat Museum""]"
Gozo,Malta,"[""Cittadella of Victoria"", ""Dwejra Bay & Blue Hole"", ""Hike to Wied il-Miela\u0127 Window"", ""Tal-Mixta Cave (Hidden Gem)"", ""Xlendi Cliff Walk""]"
Gran Canaria,Spain,"[""Puerto de Mog\u00e1n Secret Viewpoint""]"
Gran Canaria (Canary Islands),Spain,"[""Barranco de las Vacas""]"
Granada,Spain,"[""Carmen de los M\u00e1rtires"", ""Sacromonte Caves""]"
Grande Comore,Comoros,"[""Ancienne Mosqu\u00e9e de Vendredi"", ""Chindini Beach"", ""Chomoni Beach"", ""Coconut Oil Production Tour"", ""Cooking Class"", ""Diving at Mitsamiouli"", ""Fishing with Local Fishermen"", ""Iconi Village"", ""Itsandra Beach"", ""Kandani Mosque"", ""Lac Sal\u00e9"", ""Local Villages Tour"", ""Moroni Medina"", ""Mount Karthala Hike"", ""Mutsamudu Citadel"", ""Ngazidja Crater Lakes"", ""Spice Plantation Visit"", ""Traditional Dance Performance"", ""Traditional Music Workshop"", ""Volo Volo Market"", ""Ylang-Ylang Distillery Tour""]"
Guadalajara (Castilla-La Mancha),Spain,"[""Black Villages (Pueblos Negros)""]"
Gusinje,Montenegro,"[""Climb the Prokletije Mountains"", ""Discover the Grlja Waterfall"", ""Visit Ali Pasha\u2019s Mosque""]"
Ha'il,Saudi arabia,"[""A'arif Fort""]"
Hadhramaut Region,Yamen,"[""Wadi Dawan""]"
Hammamet,Tunisia,"[""CarthageLand"", ""Dar Sebastian"", ""Dine at La Bella Marina"", ""Dine at La Belle Vue"", ""Dine at The Sindbad"", ""Drink at Bedouina"", ""Drink at Time Out Pub"", ""Eat Mechouia Salad at Chez Achour"", ""Enjoy Live Music at Shakespeare Bar"", ""Experience Hammamet Marina"", ""Hammamet Beach"", ""Hammamet Beaches"", ""Hammamet Medina"", ""Party at Calypso Club"", ""Relax at Caf\u00e9 Sidi Bou Hadid"", ""Try Grilled Fish at Le Barberousse"", ""Visit Samara Club"", ""Walk in the Medina at Night""]"
Haraz Mountains,Yamen,"[""Al Hutaib Village"", ""Hiking in Haraz Mountains""]"
Harissa,Lebanon,"[""Our Lady of Lebanon""]"
Hawar,Bahrain,"[""Hawar Islands""]"
Herceg Novi,Montenegro,"[""Climb the Kanli Kula Fortress"", ""Explore Savina Monastery"", ""Explore the Kanli Kula Amphitheater"", ""Hike the Lu\u0161tica Peninsula"", ""Visit Forte Mare"", ""Visit Spanjola Fortress"", ""Visit the Blue Flag Beaches of Herceg Novi"", ""Visit the Clock Tower""]"
Huelva,Spain,"[""El Roc\u00edo Village"", ""Rio Tinto Mars-Like Landscape""]"
Huesca,Spain,"[""Alqu\u00e9zar Medieval Village""]"
Huesca (Aragon),Spain,"[""Mallos de Riglos Cliffs""]"
Hurghada,Egypt,"[""El Halaka"", ""Giftun Islands"", ""Hurghada Marina"", ""Sahl Hasheesh"", ""Seafood by the Red Sea"", ""Somabay""]"
Hvar,Croatia,"[""Discover Dubovica Beach"", ""Explore the Abandoned Village of Malo Grablje"", ""Hike to Grap\u010deva Cave"", ""Hike to Pokonji Dol Beach"", ""Party at Hvar\u2019s Beach Clubs"", ""Visit Velo Grablje Village""]"
Hydra,Greece,"[""Cliff Diving at Hydra\u2019s Hidden Coves"", ""Donkey Ride Through Hydra Town"", ""Visit the Historic Mansions""]"
Ibiza,Spain,"[""Es Vedr\u00e0 Viewpoint""]"
Ibiza (Balearic Islands),Spain,"[""Atlantis Cove""]"
Ioannina,Greece,"[""Explore the Vikos Gorge"", ""Visit the Island of Ali Pasha""]"
Istanbul,Turkey,"[""Bar Hopping in Kadikoy"", ""Basilica Cistern"", ""Beylerbeyi Palace Night Tour"", ""Blue Mosque"", ""Bosphorus Cruise"", ""Bosphorus Dinner Cruise"", ""Chora Church"", ""Church of St. Anthony of Padua"", ""Dance on a Luxury Yacht"", ""Dolmabahce Palace"", ""Fener and Balat"", ""Galata Bridge"", ""Galata Tower"", ""Grand Bazaar"", ""Hagia Sophia"", ""Hodjapasha Dance Theater"", ""Hodjapasha Turkish Bath and Dance Combo"", ""Istanbul Aquarium"", ""Istanbul Modern"", ""Istanbul Modern Museum"", ""Istanbul Sapphire"", ""Istiklal Street"", ""Miniaturk"", ""Nargile (Shisha) at Hookah Bars"", ""Night Food Tour in Taksim"", ""Nighttime Visit to Ortakoy Mosque"", ""Ortakoy Night Market"", ""Pandeli Restaurant"", ""Pera Museum"", ""Pertevniyal Valide Sultan Mosque"", ""Pierre Loti Hill"", ""Princes\u2019 Islands"", ""Private Evening City Tour"", ""Pub Crawl"", ""Rahmi M. Koc Museum"", ""Rooftop Bars"", ""Salacak for Maiden\u2019s Tower View"", ""Spice Bazaar"", ""St. Stephen\u2019s Orthodox Church"", ""Suleymaniye Mosque"", ""Sultanahmet Park Fountain Show"", ""Taksim Square"", ""Taksim Square and Istiklal Street"", ""Topkapi Palace"", ""Turkish Breakfast with Bosphorus View"", ""Turkish Hammam"", ""Whirling Dervish Show"", ""\u00c7i\u00e7ek Pasaj\u0131""]"
Istria,Croatia,"[""Explore Gro\u017enjan"", ""Go Truffle Hunting Near Buzet"", ""Olive Oil Tasting in Vodnjan"", ""Truffle Hunting in Motovun Forest"", ""Visit Hum, the World\u2019s Smallest Town"", ""Wine Tasting in Istrian Vineyards""]"
Izmir,Turkey,"[""Agora of Smyrna"", ""Alacati Windsurfing"", ""Alsancak District"", ""Bergama (Pergamon)"", ""Day Trip to Ephesus"", ""Izmir Archaeological Museum"", ""Kadifekale Fortress"", ""Kemeralt\u0131 Bazaar"", ""Konak Pier"", ""Konak Square and Clock Tower"", ""Kordon"", ""K\u0131zlara\u011fas\u0131 Han Bazaar"", ""Turkish Bath (Hammam)"", ""Turkish Coffee Experience"", ""\u0130zmir Atat\u00fcrk Museum"", ""\u015eirince Village""]"
Jaén,Spain,"[""Ba\u00f1os \u00c1rabes de Ja\u00e9n"", ""Castillo de Santa Catalina""]"
Jebel Shams,Oman,"[""Balcony Walk"", ""Grand Canyon of Oman""]"
Jeddah,Saudi arabia,"[""Al Balad Ancient Gates"", ""Al Rahma Mosque"", ""Al Saif Beach"", ""Al Shalal Theme Park"", ""Al-Balad"", ""Atallah Happy Land Park"", ""Athr Gallery"", ""Balad Souk"", ""Fakieh Aquarium"", ""Fish Market"", ""Floating Mosque"", ""Jarir Bookstore"", ""Jeddah Arch"", ""Jeddah Corniche"", ""Jeddah Science and Technology Museum"", ""Jeddah Season Events"", ""Jungle Land Theme Park"", ""King Fahd's Fountain"", ""Mall of Arabia"", ""Red Sea Scuba Diving"", ""Scuba Diving"", ""Scuba Diving in Jeddah"", ""Silver Sands Beach"", ""Sobia Caf\u00e9"", ""Sobia Drink"", ""Street Food at Al Balad"", ""Tayebat City Museum""]"
Jerash,Jordan,"[""Beit Khairat Souf"", ""Olive Oil Tasting"", ""Roman Ruins"", ""Traditional Pastry Workshop""]"
Jezzine,Lebanon,"[""Jezzine Waterfall""]"
Jizan,Saudi arabia,"[""Farasan Islands"", ""Jizan Fish Market""]"
Jounieh,Lebanon,"[""Teleferique""]"
Juffair,Bahrain,"[""Juffair Strip""]"
Kairouan,Tunisia,"[""Dine at Dar Abderrahman Zarrouk"", ""Eat Kamounia at Restaurant Sidi Abdelkader"", ""Great Mosque of Kairouan"", ""Taste Kairouan Makroud at a Local Bakery"", ""Try Bambalouni at a Street Stall"", ""Try Lablabi at a Local Eatery""]"
Karak,Jordan,"[""Karak Castle""]"
Karpas Peninsula,Cyprus,"[""Relax at Golden Beach"", ""Visit the Wild Donkeys of Karpas""]"
Kas,Turkey,"[""Kayaking over the Sunken City of Kekova""]"
Kassala,Sudan,"[""Gash River"", ""Khatmiyya Mosque"", ""Taka Mountains""]"
Kebili,Tunisia,"[""Kebili Market""]"
Kefalonia,Greece,"[""Melissani Cave Boat Tour"", ""Myrtos Beach Sunset""]"
Kelibia,Tunisia,"[""El Mansoura Beach"", ""Fishing Port of Sidi Daoud"", ""Kelibia Fort""]"
Khamis Mushait,Saudi arabia,"[""Al Habala Hanging Village"", ""Khamis Mushait Souq""]"
Khamis Mushayat,Saudi arabia,"[""Al Salam Park"", ""Khamis Mushayat Souq""]"
Khartoum,Sudan,"[""Afra Mall"", ""Al Fateh Tower"", ""Al Kabir Mosque"", ""Al Nilain Mosque"", ""Al Sabalouga (Sixth Cataract)"", ""Al-Mogran Family Park"", ""Blue Nile Sailing Club"", ""Ethnographic Museum"", ""Friendship Hall"", ""Khartoum War Cemetery"", ""Mahdi's Tomb"", ""Mogran Family Park"", ""National Museum of Sudanese Folklore"", ""Nile Street"", ""Omdurman Market"", ""Presidential Palace Museum"", ""Republican Palace Museum"", ""Souq Arabi"", ""Sudan National Museum"", ""Sufi Dervish Dance"", ""Tuti Island"", ""University of Khartoum""]"
Kolasin,Montenegro,"[""Discover the Botanical Garden"", ""Ride the Kolasin Cable Car to Troglava Peak""]"
Kolašin,Montenegro,"[""Enjoy local food at a Kola\u0161in Eco Farm"", ""Hike the Bjelasica Mountain Range""]"
Konavle,Croatia,"[""Horseback Riding in Konavle Valley""]"
Konya,Turkey,"[""Mevlana Museum""]"
Korba,Tunisia,"[""Korba Beach"", ""Local Market"", ""Tazarka Beach""]"
Kornati Islands,Croatia,"[""Sailing Through the Kornati Archipelago"", ""Snorkeling in Tela\u0161\u0107ica Nature Park""]"
Korčula,Croatia,"[""Kayaking Around Kor\u010dula"", ""Scuba Diving in Kor\u010dula\u2019s Waters"", ""Take a Wine & Cycling Tour Around Kor\u010dula"", ""Visit Marco Polo\u2019s Birthplace"", ""Watch a Moreska Sword Dance""]"
Kos,Greece,"[""Explore the Asclepeion"", ""Ride a Bike Around the Island""]"
Kotor,Montenegro,"[""Explore the Old Town"", ""Go wine tasting in the Bay of Kotor region"", ""Hike the Kotor Fortress (San Giovanni Fortress)"", ""Kayaking in the Bay of Kotor"", ""Sunset Cruise on the Bay of Kotor"", ""Take a boat tour to Blue Cave"", ""Visit the Cat Museum"", ""Visit the Maritime Museum of Montenegro""]"
Krapina,Croatia,"[""Visit the Krapina Neanderthal Museum""]"
Krk Island,Croatia,"[""Discover Vrbnik and Try \u017dlahtina Wine"", ""Hike to the Oprna Bay"", ""Swim in Golden Bay (Velo \u010celo Beach)"", ""Visit Ko\u0161ljun Island Monastery""]"
Krka National Park,Croatia,"[""Kayak on the Krka River"", ""Walk to Skradinski Buk Waterfall""]"
Ksar Ghilane,Tunisia,"[""Oasis Ksar Ghilane"", ""Quad Biking""]"
Ksar Ouled Soltane,Tunisia,"[""Granary Fortresses""]"
Kuwait City,Kuwait,"[""Al Qurain Martyrs\u2019 Museum"", ""Al Shaab Leisure Park"", ""Al Shaheed Park"", ""Bait Al Mandi Restaurant"", ""Camel Racing Club"", ""Dhow Harbor"", ""Dickson House Cultural Center"", ""Failaka Island"", ""Grand Mosque"", ""Green Island"", ""Historical, Vintage, & Classic Car Museum"", ""House of Mirrors"", ""Jaber Al-Ahmad International Stadium"", ""Kuwait National Museum"", ""Kuwait Towers"", ""Liberation Tower"", ""Marina Mall and Beach"", ""Mutla Ridge"", ""Old Kuwaiti Shipyard (Doha Village)"", ""Sabah Al Ahmad Sea City"", ""Sadu House Museum"", ""Scientific Center"", ""Sheikh Jaber Al-Ahmed Cultural Centre"", ""Souq Al Mubarakeya"", ""Tareq Rajab Museum"", ""The Avenues Mall"", ""Viking Caf\u00e9"", ""Yachting and Sailing Club""]"
La Gomera (Canary Islands),Spain,"[""Garajonay National Park""]"
La Maddalena,Italy (sardinia),"[""Drive the Scenic La Maddalena Coastal Road""]"
La Palma (Canary Islands),Spain,"[""Roque de los Muchachos Observatory""]"
La Rioja,Spain,"[""Bodega Ysios"", ""San Mill\u00e1n de la Cogolla Monasteries""]"
Lake Skadar,Montenegro,"[""Birdwatching at Lake Skadar"", ""Discover Rijeka Crnojevi\u0107a"", ""Take a boat ride on Lake Skadar""]"
Lanzarote (Canary Islands),Spain,"[""Charco de los Clicos""]"
Larnaca,Cyprus,"[""Birdwatching at Oroklini Lake"", ""Dive the Zenobia Shipwreck"", ""Larnaca Salt Lake"", ""Militzis Restaurant"", ""See the Flamingos at Larnaca Salt Lake"", ""Stroll Along Finikoudes Beach"", ""Try Camel Riding at Mazotos Camel Park"", ""Visit the Ancient Kition Ruins"", ""Visit the Hala Sultan Tekke Mosque"", ""Visit the Salt & Pepper Museum""]"
Lastovo,Croatia,"[""Stargazing in Lastovo""]"
Lefkada,Greece,"[""Discover Egremni Beach"", ""Kitesurfing at Agios Ioannis Beach"", ""Paragliding Over Kathisma Beach""]"
Legzira,Morocco,"[""Beach and Arch""]"
Leon,Spain,"[""Las M\u00e9dulas"", ""Valporquero Caves""]"
Limassol,Cyprus,"[""Explore Ancient Kourion"", ""Hidden Beach: Avdimou Beach"", ""Kourion Archeological Site"", ""Molos Seaside Park"", ""Visit the Kolossi Castle"", ""Walk Along the Molos Promenade"", ""Wine & Meze Night in the Old Town"", ""Wine Tasting at a Troodos Mountain Winery""]"
Lovćen National Park,Montenegro,"[""Hike the Ladder of Kotor Trail"", ""Mountain Biking in Lov\u0107en National Park"", ""Stargazing at Lov\u0107en National Park"", ""Visit the Njego\u0161 Mausoleum"", ""Watch the Sunrise from Jezerski Vrh (Lake Peak)""]"
Luxor,Egypt,"[""Al Sahaby Lane"", ""Colossi of Memnon"", ""Hatshepsut Temple"", ""Luxor Market Food Walk"", ""Luxor Night Market"", ""Luxor Sound and Light Show"", ""Luxor Temple"", ""Medinet Habu"", ""Sofra Restaurant"", ""Temple of Karnak"", ""Valley of the Kings""]"
Ma'in,Jordan,"[""Ma'in Hot Springs""]"
Madaba,Jordan,"[""Mosaic Map"", ""Mount Nebo""]"
Madrid,Spain,"[""Almudena Cathedral"", ""Atocha Station Tropical Garden"", ""CaixaForum Madrid"", ""Casa de Campo Cable Car (Telef\u00e9rico)"", ""Chamber\u00ed Ghost Station"", ""Chocolater\u00eda San Gin\u00e9s"", ""Conde Duque Cultural Center"", ""C\u00edrculo de Bellas Artes Rooftop"", ""Debod Temple Night Lights"", ""El Capricho Park"", ""El Rastro Flea Market"", ""El Retiro Park"", ""Flamenco Show at Cardamomo"", ""Gran V\u00eda"", ""Greenhouse of Arganzuela (Palacio de Cristal de Arganzuela)"", ""Hidden Garden: Dalieda de San Francisco"", ""Hidden Gem: And\u00e9n 0 (Chamber\u00ed Ghost Station)"", ""Hidden Gem: Antigua Farmacia de la Reina Madre"", ""Hidden Gem: Antigua F\u00e1brica de Harinas (Tetu\u00e1n)"", ""Hidden Gem: Caf\u00e9 del Jard\u00edn"", ""Hidden Gem: Casa de Campo"", ""Hidden Gem: Cementerio de la Almudena"", ""Hidden Gem: El Imparcial Restaurant"", ""Hidden Gem: El Jard\u00edn Secreto de Salvador Bachiller"", ""Hidden Gem: El Jard\u00edn del \u00c1ngel"", ""Hidden Gem: Estaci\u00f3n de Pr\u00edncipe P\u00edo Gardens"", ""Hidden Gem: Huerto de las Monjas"", ""Hidden Gem: La Neomud\u00e9jar"", ""Hidden Gem: La V\u00eda L\u00e1ctea (Malasa\u00f1a)"", ""Hidden Gem: Mercado de Ant\u00f3n Mart\u00edn"", ""Hidden Gem: Monasterio de las Descalzas Reales"", ""Hidden Gem: Ojal\u00e1 (Malasa\u00f1a)"", ""Hidden Gem: Parque El Capricho"", ""Hidden Gem: Plaza de la Paja"", ""Hidden Gem: Quinta de los Molinos"", ""Hidden Gem: Secret Gallery (La Cueva de la Adrada)"", ""Hidden Gem: Secret Garden of the Palacio de Liria"", ""Hidden Gem: Sobrino de Bot\u00edn"", ""Hidden Gem: Sorolla Museum"", ""Hidden Gem: Tabacalera Promoci\u00f3n del Arte"", ""Hidden Library: Biblioteca Nacional de Espa\u00f1a"", ""Hidden Rooftop: Azotea del C\u00edrculo"", ""Hidden Rooftop: Gymage Lounge Resort"", ""Hidden Rooftop: The Hat Hostel"", ""Hidden Speakeasy: 1862 Dry Bar"", ""Hidden Speakeasy: Salmon Guru"", ""La Latina Tapas Crawl"", ""Lavapi\u00e9s Street Art Tour"", ""Literary Quarter (Barrio de las Letras)"", ""Malasa\u00f1a Neighborhood"", ""Manzanares River Walk"", ""Matadero Madrid"", ""Mercado de San Miguel"", ""Mercado de la Cebada"", ""Moncloa Bunker (Mirador del Faro de Moncloa)"", ""Museo Naval"", ""Museo Thyssen-Bornemisza"", ""Museo del Ferrocarril (Railway Museum)"", ""Museo del Romanticismo"", ""Palacio de Cibeles Observation Deck"", ""Parque Juan Carlos I"", ""Plaza Mayor"", ""Plaza de Oriente"", ""Plaza de la Villa"", ""Prado Museum"", ""Puente de Segovia"", ""Puerta del Sol"", ""Real Jard\u00edn Bot\u00e1nico"", ""Reina Sof\u00eda Museum"", ""Royal Palace of Madrid"", ""Royal Tapestry Factory (Real F\u00e1brica de Tapices)"", ""Sabatini Gardens"", ""San Fernando Market (Lavapi\u00e9s)"", ""Santiago Bernab\u00e9u Stadium Tour"", ""Sunset at Templo de Debod"", ""Taberna El Sur"", ""Temple of Debod""]"
Mahayel Asir,Saudi arabia,"[""Mahayel Asir Festival""]"
Mahdia,Tunisia,"[""Ancient Port of Mahdia"", ""Borj el Kebir"", ""Cap Afrique"", ""Eat Couscous at Le Lido"", ""Enjoy Fresh Seafood at Le Port"", ""Mahdia Beach"", ""Skifa el Kahla (Black Gate)"", ""Taste Bouza at a Street Stall""]"
Makarska,Croatia,"[""Swim at Makarska Riviera""]"
Mallorca,Spain,"[""Torrent de Pareis Canyon""]"
Mallorca (Balearic Islands),Spain,"[""Cala Varques Hidden Beach""]"
Manama,Bahrain,"[""Adliya Art Gallery"", ""Al Dar Islands"", ""Al Fateh Grand Mosque"", ""Bab Al Bahrain Souk"", ""Bahrain Bay"", ""Bahrain National Museum"", ""Beit Al Quran"", ""Block 338"", ""Gold Souq"", ""La Fontaine Centre of Contemporary Art"", ""Qal'at al-Bahrain (Bahrain Fort)"", ""Seef Mall"", ""Tree of Life""]"
Mardin,Turkey,"[""Old Town Exploration""]"
Marib,Yamen,"[""Marib Dam""]"
Marrakech,Morocco,"[""Amal Women's Training Centre"", ""Bahia Palace"", ""Bazaar Cafe"", ""Cafe Clock"", ""Cafe des Epices"", ""Cooking Class with Local Chef"", ""Dar Moha"", ""Dessert at Patisserie des Princes"", ""Dine at Le Comptoir Darna"", ""Dine at Le Jardin"", ""Dine at Nomad"", ""Dining at Al Fassia"", ""Dining at Djemaa El-Fna Food Stalls"", ""Drink at Sky Bar"", ""Earth Cafe"", ""Enjoy Live Music at Caf\u00e9 Clock"", ""Experience Shisha at Dar Anika"", ""Hammam Experience"", ""Henna Art Cafe"", ""Hidden Gem: Amal Women's Training Center"", ""Jemaa el-Fnaa"", ""Koutoubia Mosque"", ""Le Jardin Secret"", ""Le Trou Au Mur"", ""Majorelle Garden"", ""Marche Central and Marche Bab Doukkala"", ""Mint Tea Making"", ""Naranj"", ""Night Tour of the Medina"", ""Party at Theatro Marrakech"", ""Relax at Le Salama"", ""Saadian Tombs"", ""Souks of Marrakech"", ""Street Food Tasting Tour"", ""Visit Azar Restaurant & Lounge"", ""Visit Jemaa el-Fnaa at Night""]"
Marsa Alam,Egypt,"[""Abu Dabbab Beach"", ""Al Nayzak"", ""Qulaan Islands"", ""Wadi El Gemal National Park""]"
Marsa Matrouh,Egypt,"[""Marsa Matrouh""]"
Marsaxlokk,Malta,"[""Explore the Sunday Fish Market"", ""St. Peter\u2019s Pool""]"
Martil,Morocco,"[""Beach and Local Experience""]"
Matmata,Tunisia,"[""Eat in a Troglodyte House"", ""Troglodyte Homes"", ""Try Berber Omelette at Hotel Sidi Driss""]"
Mdina,Malta,"[""Fontanella Tea Garden"", ""St. Paul\u2019s Catacombs"", ""Walk Through the Silent City""]"
Mecca,Saudi arabia,"[""Masjid al-Haram (Great Mosque)""]"
Medina,Saudi arabia,"[""Al-Masjid an-Nabawi (Prophet's Mosque)""]"
Meknes,Morocco,"[""Bab Mansour"", ""Moulay Idriss Zerhoun"", ""Volubilis""]"
Meknès,Morocco,"[""Traditional Bread Making"", ""Wine Tasting at Volubilia-Domaine""]"
Melilla (Spanish North Africa),Spain,"[""Modernist Architecture Trail""]"
Mellieha,Malta,"[""Ghadira Bay"", ""Popeye Village"", ""Red Tower (St. Agatha\u2019s Tower)""]"
Menorca,Spain,"[""Pont d'en Gil Sea Arch""]"
Menorca (Balearic Islands),Spain,"[""Cova d'en Xoroi Cliff Bar""]"
Meroe,Sudan,"[""Meroe Pyramids""]"
Meteora,Greece,"[""Rock Climbing the Meteora Cliffs"", ""Sunset Tour of Monasteries""]"
Midès,Tunisia,"[""Mountain Oasis""]"
Milan,Italy,"[""Antica Barbieria Colla (Hidden Gem)"", ""Ape Bar (Hidden Gem)"", ""Bar Luce"", ""Bosco Verticale"", ""Brera District"", ""Campari Gallery (Hidden Gem)"", ""Cascina Cuccagna (Hidden Gem)"", ""Colonne di San Lorenzo"", ""Darsena (Hidden Gem)"", ""Duomo di Milano Rooftop Walk"", ""Fondazione Feltrinelli (Hidden Gem)"", ""Fonderie Milanesi (Hidden Gem)"", ""Frida Bar (Hidden Gem)"", ""Galleria Vittorio Emanuele II"", ""GinO12"", ""Hangar Bicocca (Hidden Gem)"", ""Highline Galleria"", ""La Vigna di Leonardo Wine Tasting"", ""Leonardo da Vinci Museum of Science"", ""Leonardo\u2019s Vineyard"", ""Libreria Bocca (Hidden Gem)"", ""Mercato di Via Fauch\u00e8"", ""Monumental Cemetery"", ""Museo del Novecento"", ""Navigli Canals"", ""Officina Profumo-Farmaceutica di Santa Maria Novella"", ""Osteria del Treno (Hidden Gem)"", ""Panzerotti at Luini"", ""Parco Sempione & Arco della Pace"", ""Pasticceria Marchesi"", ""Pinacoteca di Brera"", ""Pirelli Hangar Bicocca"", ""Porta Nuova & Piazza Gae Aulenti"", ""Prada Foundation"", ""QC Termemilano Spa"", ""Quadrilatero della Moda (Fashion District)"", ""San Bernardino alle Ossa (Hidden Gem)"", ""San Maurizio al Monastero Maggiore (Hidden Gem)"", ""San Simpliciano (Hidden Gem)"", ""Santa Maria presso San Satiro (Hidden Gem)"", ""Scalo Milano Outlet"", ""See The Last Supper"", ""Sforza Castle & Museums"", ""Street Art in Isola District (Hidden Gem)"", ""Teatro alla Scala"", ""Tempio della Notte (Secret Underground Spot)"", ""The Last Supper (Leonardo da Vinci)"", ""The Yard Hotel (Hidden Gem)"", ""Torre Branca (Hidden Gem)"", ""Trattoria Milanese"", ""Villa Necchi Campiglio (Hidden Gem)"", ""Visit the Duomo di Milano""]"
Milos,Greece,"[""Kayaking Through Kleftiko Caves"", ""Sarakiniko Beach Moon-Like Landscape"", ""Try Local Seafood at a Fishing Village""]"
Mirleft,Morocco,"[""Beach and Independent Travel""]"
Misfat al Abriyyin,Oman,"[""Village Walk""]"
Mljet,Croatia,"[""Bike Around Veliko Jezero"", ""Explore Mljet National Park"", ""Swim in Odysseus\u2019 Cave"", ""Visit St. Mary\u2019s Island in Veliko Jezero""]"
Mohéli,Comoros,"[""Fishing Villages Tour"", ""Hiking Trails in Moh\u00e9li"", ""Local Handicrafts Workshop"", ""Moh\u00e9li Marine Park"", ""Nioumachoua Beaches"", ""Turtle Nesting Tour""]"
Mojkovac,Montenegro,"[""Rafting on the Tara River""]"
Monastir,Tunisia,"[""Bourguiba Mosque"", ""Eat Couscous at Le Pirate"", ""Habib Bourguiba Mausoleum"", ""Horseback Riding Trip"", ""Monastir Marina"", ""Ribat of Monastir"", ""Sample Brik at Caf\u00e9 Sidi Bou""]"
Morača Canyon,Montenegro,"[""Drive through Mora\u010da Canyon""]"
Moulay Bousselham,Morocco,"[""Sunbathing and Birdwatching""]"
Muharraq,Bahrain,"[""Arad Fort"", ""Muharraq Island Beaches"", ""Pearling Path"", ""Sheikh Isa Bin Ali House""]"
Muhayil,Saudi arabia,"[""Bin Hamsan Heritage Village"", ""Wadi Thahlan""]"
Murcia,Spain,"[""Cueva del Puerto"", ""Salinas de San Pedro""]"
Muscat,Oman,"[""Al Alam Palace"", ""Al Jalali and Al Mirani Forts"", ""Bait Al Zubair Museum"", ""Muttrah Souq"", ""National Museum of Oman"", ""Qurum Beach"", ""Royal Opera House"", ""Sultan Qaboos Grand Mosque"", ""The Chedi Muscat""]"
Mykonos,Greece,"[""Lighthouse Armenistis"", ""Secret Beach: Fokos Beach"", ""Traditional Greek Farm Experience""]"
Málaga,Spain,"[""Cueva del Tesoro (Treasure Cave)"", ""El Tintero Seafood Restaurant""]"
M’Diq,Morocco,"[""Beach and Boardwalk""]"
Nabeul,Tunisia,"[""Archaeological Museum"", ""Eat Merguez at a Local Butcher"", ""Nabeul Beach"", ""Nabeul Market"", ""Pottery Workshops"", ""Taste Kamounia at Dar Belhouane"", ""Try Tunisian Pastries at Douja""]"
Najran,Saudi arabia,"[""Najran Fort""]"
Naples,Italy,"[""Cappella Sansevero"", ""Castel dell'Ovo"", ""Catacombs of San Gennaro (Hidden Gem)"", ""Certosa di San Martino & Viewpoint"", ""Day Trip to Capri"", ""Day Trip to Procida (Hidden Gem)"", ""Eat Pizza at L'Antica Pizzeria da Michele"", ""Eat the Original Neapolitan Pizza"", ""Explore Rione Sanit\u00e0 (Hidden Gem)"", ""Explore Underground Naples"", ""Galleria Borbonica (Hidden Gem)"", ""Herculaneum Ruins (Hidden Gem)"", ""Hike to the Top of Mount Vesuvius"", ""Local Wine Tasting in Campi Flegrei"", ""Piazza Bellini Nightlife"", ""Piazza del Plebiscito"", ""Pompeii Ruins"", ""Secret Tunnel of Bourbon (Hidden Gem)"", ""Solfatara Volcano (Hidden Gem)"", ""Street Art in the Spanish Quarter"", ""Stroll along Spaccanapoli"", ""Take the Funicular to Vomero"", ""Teatro di San Carlo"", ""Try Fried Pizza (Pizza Fritta)"", ""Try Sfogliatella at Scaturchio"", ""Underground Naples (Napoli Sotterranea)"", ""Via San Gregorio Armeno"", ""Visit the Naples National Archaeological Museum"", ""Visit the Phlegraean Fields (Hidden Gem)""]"
Navarra,Spain,"[""Bardenas Reales Desert""]"
Navarra (Pamplona),Spain,"[""San Nicol\u00e1s Hidden Pintxos Bar""]"
Naxos,Greece,"[""Explore Apeiranthos Village"", ""Visit the Portara at Sunset"", ""Windsurfing at Mikri Vigla Beach""]"
Nefta,Tunisia,"[""Chott el Jerid"", ""Dar Hi Eco Lodge""]"
Nicosia,Cyprus,"[""Explore the Famagusta Gate"", ""Rooftop View from Shacolas Tower"", ""Try Bougatsa"", ""Try Traditional Cypriot Coffee"", ""Visit Buyuk Han Caravanserai"", ""Visit the Cyprus Museum"", ""Visit the border zone"", ""Walk Through the Green Line Buffer Zone""]"
Nizwa,Oman,"[""Bahla Fort"", ""Jabal Akhdar"", ""Nizwa Fort"", ""Nizwa Souq""]"
Njeguši Village,Montenegro,"[""Taste Njegu\u0161ki Prosciutto""]"
North Coast,Egypt,"[""North Coast Beach Egypt""]"
North Sudan,Sudan,"[""Dongola Old City"", ""Jebel Barkal"", ""Kerma Museum"", ""Nuri Pyramids"", ""Temple of Soleb""]"
Nuweiba,Egypt,"[""Nuweiba-Taba Coastline""]"
Olbia,Italy (sardinia),"[""Explore Pittulongu Beach"", ""Explore Tavolara Island by Kayak"", ""Take a Boat Tour to Tavolara Island"", ""Try Bottarga (Cured Fish Roe) at a Local Trattoria"", ""Try Zuppa Gallurese (Sardinian Bread Soup)"", ""Visit Basilica di San Simplicio"", ""Visit San Teodoro\u2019s La Cinta Beach"", ""Visit the Archaeological Museum of Olbia""]"
Omiš,Croatia,"[""Ziplining Over Cetina Canyon""]"
Oran,Algeria,"[""A\u00efn-El-Turk"", ""Citadel of Casbah"", ""La Cathedrale du Sacre Coeur"", ""Palais de la Culture"", ""Sahara Desert Tour""]"
Oristano,Italy (sardinia),"[""Relax at Is Arutas Beach (The Rice Grain Beach)"", ""Try Bottarga Pasta at a Seaside Trattoria"", ""Visit Tharros, an Ancient Phoenician City"", ""Watch the Sartiglia Festival (February)""]"
Osijek,Croatia,"[""Visit Osijek\u2019s Old Fortress (Tvr\u0111a)""]"
Oualidia,Morocco,"[""Lagoon and Water Sports""]"
Ouarzazate,Morocco,"[""Taourirt Kasbah""]"
Oued Laou,Morocco,"[""Beach and Scenic Views""]"
Pag Island,Croatia,"[""Cheese Tasting in Kolan"", ""Explore Ruins of Old Town Pag"", ""Hike to the Moon-like Landscape of Pag"", ""Party at Zr\u0107e Beach"", ""Visit Pag Lace Gallery""]"
Pamukkale,Turkey,"[""Thermal Pools""]"
Paphos,Cyprus,"[""Aphrodite's Rock"", ""Boat Trip to the Blue Lagoon"", ""Discover the Mosaics of Paphos"", ""Discover the Secret Waterfall in Kritou Terra"", ""Explore Lara Beach & Turtle Conservation Area"", ""Hike the Avakas Gorge"", ""Ocean Basket Restaurant"", ""Sunset Dinner at a Cliffside Taverna"", ""Sunset at Petra tou Romiou (Aphrodite\u2019s Rock)"", ""Tombs of the Kings"", ""Visit the St. Neophytos Monastery"", ""Visit the Tombs of the Kings"", ""Wine Tasting at Vouni Panayia Winery""]"
Paros,Greece,"[""Discover the Hidden Cave of Antiparos"", ""Explore the Byzantine Walking Path"", ""Kolymbithres Beach Rock Formations""]"
Patmos,Greece,"[""Swim at Psili Ammos Beach"", ""Visit the Cave of the Apocalypse""]"
Pelješac Peninsula,Croatia,"[""Hike to Sveti Ilija Peak"", ""Oyster Tasting in Mali Ston"", ""Wine Tasting at Pelje\u0161ac Wineries""]"
Peloponnese,Greece,"[""Climb the Ancient Theater of Epidaurus"", ""Explore the Diros Caves"", ""Visit the Castle Town of Monemvasia""]"
Perast,Montenegro,"[""Explore the Museum of Perast"", ""Visit Our Lady of the Rocks Island"", ""Visit Saint Nicholas Church""]"
Petra,Jordan,"[""Aaron\u2019s Tomb"", ""Al-Khubtha Trail"", ""Bedouin Cooking Class"", ""Bedouin Jewelry Workshop"", ""Bedouin Tea with Local Family"", ""Byzantine Church"", ""Camel Ride to the Monastery"", ""Colonnaded Street"", ""Explore Petra\u2019s Flora"", ""Great Temple"", ""High Place of Sacrifice"", ""Horseback Ride through the Siq"", ""Little Petra (Siq al-Barid)"", ""Monastery"", ""Monastery (Ad-Deir)"", ""Nabatean Banquet"", ""Petra Archaeological Museum"", ""Petra Desert Eco Camp"", ""Petra Kitchen"", ""Petra Turkish Bath"", ""Petra by Night"", ""Petra by Night Tea"", ""Petra's Cave Bar"", ""Picnic at the Petra Church"", ""Qasr al-Bint"", ""Royal Tombs"", ""Sandstone Carving Workshop"", ""Siq"", ""Siq Canyon Walk"", ""Siq al-Mudhlim"", ""Street of Facades"", ""The Treasury Overlook"", ""Treasury"", ""Treasury (Al-Khazneh)"", ""Visit the Obelisk Tomb"", ""Wadi Rum Desert Tour""]"
Plav,Montenegro,"[""Hike to the Ali Pasha Springs"", ""Try fly-fishing on the Lim River"", ""Visit the Plav Lake""]"
Plitvice Lakes,Croatia,"[""Explore Plitvice Lakes National Park"", ""Visit the Upper Lakes (Gornja Jezera)"", ""Visit the Veliki Slap (Big Waterfall)"", ""Winter Hiking in Plitvice""]"
Plužine,Montenegro,"[""Explore Piva Lake"", ""Hike the Via Ferrata at Piva Canyon"", ""Rafting on the Piva River"", ""Visit Trnova\u010dko Lake""]"
Podgorica,Montenegro,"[""Discover Dajbabe Monastery"", ""Explore the ruins of Doclea"", ""Relax at Niagara Falls Podgorica"", ""Visit the Millennium Bridge"", ""Visit the Ribnica Bridge"", ""Visit the Stara Varo\u0161 (Old Town)""]"
Port Said,Egypt,"[""Egyptian Pastries & Sweets"", ""Gad Restaurant""]"
Port Sudan,Sudan,"[""Arkaweet"", ""Red Sea Diving"", ""Sanganeb National Park"", ""Suakin Island""]"
Prokletije National Park,Montenegro,"[""Hike the Peaks of the Balkans Trail"", ""Trek to Hrid Lake""]"
Protaras,Cyprus,"[""Kayak to the Love Bridge"", ""Visit Fig Tree Bay"", ""Walk the Protaras Coastal Boardwalk""]"
Pula,Croatia,"[""Tour the Pula Arena"", ""Visit the Temple of Augustus""]"
Qadisha,Lebanon,"[""Qadisha Valley""]"
Rab Island,Croatia,"[""Discover Zavratnica Bay"", ""Explore Rab Old Town"", ""Explore Rab\u2019s Hidden Beaches"", ""Visit Paradise Beach (Rajska Pla\u017ea)""]"
Rabat,Malta,"[""Domus Romana (Hidden Gem)""]"
Rabat,Morocco,"[""Chellah"", ""Dessert at P\u00e2tisserie Majestic"", ""Dine at Dinarjat"", ""Exploring the Medina's Food Stalls"", ""Hassan Tower and Mausoleum of Mohammed V"", ""Hidden Gem: Oudayas Kasbah Cafes"", ""Kasbah of the Udayas"", ""Taste of Moroccan Wines""]"
Ras Al Khaimah,United Arab Emirates,"[""Dhayah Fort"", ""Jebel Jais""]"
Rhodes,Greece,"[""Butterfly Valley"", ""Monolithos Castle"", ""Street of the Knights""]"
Riffa,Bahrain,"[""Riffa Fort"", ""The Royal Golf Club""]"
Rijeka,Croatia,"[""Hike to Trsat Castle"", ""Visit the Torpedo Launch Station""]"
Risan,Montenegro,"[""Visit the Roman Mosaics""]"
River Nile State,Sudan,"[""Al Dabbah"", ""Atrun Crater""]"
Riyadh,Saudi arabia,"[""Al Faisaliyah Center"", ""Al Masmak Fort Night Tour"", ""Al Murabba Historical Palace"", ""Al Nassr Store at Boulevard City"", ""Al Rajhi Mosque"", ""Battle Kart"", ""Diriyah"", ""Diriyah Biennale Cinema Nights"", ""Edge of the World"", ""Graffiti Rock"", ""Hotel of Terror"", ""House of Hype"", ""In The Night at SAMoCA"", ""King Abdullah Park Light Show"", ""Kingdom Centre Tower"", ""Late-Night Caf\u00e9s"", ""Masmak Fortress"", ""National Museum"", ""Night Safari at Nofa Wildlife Park"", ""Red Sand Dunes"", ""Riyadh Zoo"", ""Techno Lab at Merwas Rooftop"", ""Tuwaiq Palace"", ""Wadi Hanifah""]"
Rome,Italy,"[""Appian Way & Catacombs"", ""Aventine Keyhole (Hidden Gem)"", ""Basilica di San Giovanni in Laterano"", ""Basilica di San Paolo Fuori le Mura"", ""Basilica of San Clemente (Hidden Gem)"", ""Baths of Caracalla"", ""Campo de' Fiori Market"", ""Capitoline Museums"", ""Castel Sant\u2019Angelo"", ""Colosseum Tour"", ""EUR District (Hidden Gem)"", ""EUR Lake Park (Hidden Gem)"", ""Explore the Colosseum"", ""Galleria Borghese"", ""Janiculum Hill (Hidden Gem)"", ""Jewish Ghetto & Synagogue"", ""Orange Garden (Giardino degli Aranci)"", ""Palazzo Doria Pamphilj"", ""Pantheon"", ""Piazza Navona"", ""Roman Forum & Palatine Hill"", ""Santa Maria della Vittoria (Hidden Gem)"", ""Santa Maria in Trastevere"", ""St. Peter\u2019s Basilica Climb"", ""Testaccio Market"", ""Toss a Coin in Trevi Fountain"", ""Trastevere Neighborhood"", ""Trevi Fountain"", ""Vatican Museums & Sistine Chapel"", ""Via Appia Antica"", ""Villa Doria Pamphili Park (Hidden Gem)"", ""Visit Vatican City & St. Peter\u2019s Basilica""]"
Ronda,Spain,"[""Ba\u00f1os \u00c1rabes (Arab Baths)"", ""Puente Nuevo Secret Balcony""]"
Rovinj,Croatia,"[""Bike Through Istrian Vineyards"", ""Climb the Bell Tower of St. Euphemia\u2019s Church"", ""Explore Golden Cape Forest Park (Punta Corrente)"", ""Wander Rovinj Old Town""]"
Rozaje,Montenegro,"[""Explore Hajla Mountain""]"
Rožaje,Montenegro,"[""Visit the Ibar River Canyon""]"
Rustaq,Oman,"[""Al Hazm Castle"", ""Hot Springs""]"
Saar,Bahrain,"[""Barbar Temple"", ""Saar Archaeological Site""]"
Sahara Desert,Morocco,"[""Erg Chebbi Dunes"", ""Merzouga""]"
Sakhir,Bahrain,"[""Al Jasra Handicrafts Centre"", ""Bahrain International Circuit""]"
Salalah,Oman,"[""Al Mughsail Beach"", ""Frankincense Land Museum"", ""Wadi Darbat""]"
Salamanca,Spain,"[""Casa de las Conchas (House of Shells)"", ""Plaza Mayor Hidden Astronaut Carving""]"
Salmiya,Kuwait,"[""Al Fanar Mall""]"
Samobor,Croatia,"[""Taste Samoborska Krem\u0161nita""]"
Samothrace,Greece,"[""Hike to the Waterfalls of Fonias"", ""Visit the Sanctuary of the Great Gods""]"
San Sebastián,Spain,"[""Bar Txepetxa"", ""Monte Urgull Hidden Fort""]"
Sana'a,Yamen,"[""Al Saleh Mosque"", ""Bab al-Yemen"", ""Dar al-Hajar (Rock Palace)"", ""Local Food Tour"", ""National Museum of Yemen"", ""Old City of Sana'a""]"
Santiago de Compostela,Spain,"[""Parque da Alameda Hidden Sculptures"", ""San Mart\u00edn Pinario Monastery""]"
Santorini,Greece,"[""Explore Pyrgos Village"", ""Hidden Beach: White Beach"", ""Hike from Fira to Oia"", ""Visit the Lost Atlantis Museum"", ""Wine Tasting in Megalochori""]"
Sant’Antioco,Italy (sardinia),"[""Discover the Island of Sant\u2019Antioco"", ""Try Sardinian Pane Carasau (Crispy Flatbread)"", ""Visit the Ancient Tophet Necropolis""]"
Sarat Abidah,Saudi arabia,"[""Heritage Village""]"
Sardinia,Italy,"[""Relax on La Pelosa Beach""]"
Saïdia,Morocco,"[""Mediterranean Beach""]"
Sbeitla,Tunisia,"[""Roman Ruins""]"
Seef,Bahrain,"[""City Centre Bahrain""]"
Segovia,Spain,"[""Alc\u00e1zar Secret Tower Climb"", ""Casa de los Picos""]"
Setif,Algeria,"[""Setif Archaeological Museum""]"
Seville,Spain,"[""Alameda de H\u00e9rcules Alternative Scene"", ""Antiquarium de Sevilla (Underground Roman Ruins)"", ""Archivo General de Indias Secret Documents"", ""Attend Semana Santa (Holy Week) Processions"", ""Attend the April Fair (Feria de Abril)"", ""Bike along the Guadalquivir River"", ""Book a Stay at a Boutique Andalusian Hotel"", ""Callej\u00f3n del Agua"", ""Casa de Pilatos"", ""Catch a Local Jazz Concert at Naima Caf\u00e9"", ""Cementerio de San Fernando"", ""Climb La Giralda"", ""Convento de Santa Paula"", ""Day Trip to Italica Roman Ruins"", ""Eat at a Traditional Taberna in Triana"", ""El Salvador Church Rooftop Climb"", ""Enjoy a Coffee at Plaza del Cabildo"", ""Enjoy a Hammam Experience at Aire de Sevilla"", ""Enjoy a Jazz Night at Naima Caf\u00e9"", ""Enjoy a Vermouth Tasting at Casa Morales"", ""Enjoy an Andalusian Wine Tasting at Bodegas Gongora"", ""Experience the Nightlife at El Arenal"", ""Explore Calle Sierpes for Unique Shopping"", ""Explore a Traditional Andalusian Patio During Spring"", ""Explore the Archivo de Indias"", ""Explore the Contemporary Art Center at La Cartuja"", ""Explore the Hidden Courtyards of Seville"", ""Explore the Hidden Courtyards of the Palacio de los Marqueses de la Algaba"", ""Explore the Local Street Art Scene in Macarena"", ""Explore the Markets of Seville"", ""Explore the Ruins of Castillo de San Jorge"", ""Explore the Seville Cathedral"", ""Get a Traditional Sevillian Barber Experience"", ""Have Breakfast at Bar El Comercio"", ""Have a Late-Night Chocolate & Churros at Kiosco de San Eloy"", ""Have a Rooftop Dinner with a View of the Cathedral"", ""Have a Sangria or Tinto de Verano by the River"", ""Have a Sunset Picnic by the Guadalquivir River"", ""Hike in the Sierra Norte Natural Park"", ""Hospital de los Venerables"", ""Iglesia de San Luis de los Franceses"", ""Indulge in Torrijas (Spanish-Style French Toast)"", ""Isla de la Cartuja Hidden Monastery"", ""La Carboner\u00eda Flamenco Bar"", ""Las Setas de Sevilla"", ""Las Setas de Sevilla (Metropol Parasol)"", ""Mercado de Feria"", ""Metropol Parasol (Las Setas)"", ""Palacio de la Condesa de Lebrija"", ""Parque de Mar\u00eda Luisa Hidden Glorietas"", ""Picnic in Parque de Mar\u00eda Luisa"", ""Relax at Aire Ancient Baths Seville"", ""Relax in Parque de Mar\u00eda Luisa"", ""Relax with a Book at Casa Tomada Caf\u00e9"", ""Row a Boat in Plaza de Espa\u00f1a\u2019s Canal"", ""Santa Cruz Secret Courtyards"", ""Savor Salmorejo (Cold Tomato Soup)"", ""See a Bullfight at Plaza de Toros"", ""Sip Orange Wine in a Traditional Bodega"", ""Stay at a Luxury Spa Hotel for a Night of Pampering"", ""Stay in a Traditional Andalusian Courtyard Hotel"", ""Stroll through Plaza de Espa\u00f1a"", ""Take a Day Trip to Carmona"", ""Take a Horse-Drawn Carriage Ride"", ""Take a Photography Walk in Barrio San Bartolom\u00e9"", ""Take a Rooftop Bar Crawl"", ""Take a Slow Walk Along Calle Betis"", ""Take a Sunset River Cruise"", ""Take a Tapas Cooking Class"", ""Take a Tapas and Wine Tour"", ""Taste Jam\u00f3n Ib\u00e9rico at Mercado de Triana"", ""Taste Manchego Cheese with Local Honey"", ""Taste Montaditos (Mini Sandwiches) at a Local Bar"", ""Torre de Don Fadrique"", ""Tour a Sherry Bodega"", ""Tour the Santa Cruz Quarter"", ""Triana Market & Secret Ruins Beneath It"", ""Try Churros with Chocolate"", ""Try Espinacas con Garbanzos"", ""Try Flamenqu\u00edn (Ham and Cheese Roll)"", ""Try Rabo de Toro (Oxtail Stew)"", ""Try a Seafood Paella by the Guadalquivir River"", ""Try a Vegan Tapas Experience"", ""Try the Local Tinto de Verano"", ""Unwind at a Hidden Garden Caf\u00e9"", ""Visit Casa de Pilatos"", ""Visit Palacio de las Due\u00f1as"", ""Visit the Alc\u00e1zar of Seville"", ""Visit the Flamenco Dance Museum"", ""Visit the Fundaci\u00f3n Tres Culturas"", ""Visit the Hidden Church of San Luis de los Franceses"", ""Visit the Hospital de los Venerables"", ""Visit the Monastery of Santa Paula"", ""Visit the Museum of Fine Arts"", ""Visit the Palacio de la Condesa de Lebrija"", ""Visit the Seville Aquarium"", ""Visit the Torre del Oro"", ""Visit the Underground Caves of Seville (Las Cuevas de H\u00e9rcules)"", ""Wander Through Alameda de H\u00e9rcules"", ""Wander Through the Old Tobacco Factory (University of Seville)"", ""Watch a Flamenco Show in Triana"", ""Watch the Sunset from the Triana Bridge""]"
Sfax,Tunisia,"[""Eat Seafood at Le Pirate"", ""Enjoy Asida at Dar Sfax"", ""Sample Makroud at Makroud Ennour""]"
Sfiha,Morocco,"[""Relaxation and Seafood""]"
Shaharah,Yamen,"[""Shaharah Bridge""]"
Sharjah,United Arab Emirates,"[""Al Qasba"", ""Sharjah Museum of Islamic Civilization""]"
Sharm El Sheikh,Egypt,"[""Alf Leila Wa Leila"", ""Naama Bay"", ""Ras Mohammed National Park""]"
Sharm el Sheikh,Egypt,"[""Naama Bay"", ""Ras Um Sid""]"
Shibam,Yamen,"[""Shibam Fortress"", ""Visit Shibam""]"
Sicily (Taormina),Italy,"[""Visit the Greek Theatre""]"
Sidi Kaouki,Morocco,"[""Beach Activities""]"
Sidon,Lebanon,"[""Sidon Sea Castle"", ""Sidon Soap Museum""]"
Sifnos,Greece,"[""Hike to the Church of the Seven Martyrs"", ""Pottery Workshop with Local Artisans"", ""Taste the Famous Chickpea Stew (Revithada)""]"
Siggiewi,Malta,"[""Limestone Heritage Park (Hidden Gem)""]"
Siwa Oasis,Egypt,"[""Abdu\u2019s Restaurant"", ""Aghurmi Restaurant"", ""Bedouin Desert Dinner"", ""Fatnas Island Caf\u00e9"", ""Shali Fortress""]"
Skyros,Greece,"[""Horseback Riding on the Beach"", ""Yoga & Wellness Retreats""]"
Slavonia,Croatia,"[""Explore Kopa\u010dki Rit Nature Park"", ""Visit \u0110akovo Cathedral""]"
Sliema,Malta,"[""Sliema Promenade Walk"", ""The Point Shopping Mall""]"
Socotra Island,Yamen,"[""Arher Beach"", ""Detwah Lagoon"", ""Dihamri Marine Protected Area"", ""Diksam Camping Experience"", ""Dixam Plateau"", ""Dragon Blood Trees"", ""Explore Socotra Island"", ""Homhil Protected Area"", ""Kalysan Canyon"", ""Qalansiyah Beach"", ""Shoab Beach"", ""Snorkeling at Ras Qatanib""]"
Sohar,Oman,"[""Sohar Fort""]"
Soria,Spain,"[""Numantia Ancient Ruins""]"
Soria (Castilla y León),Spain,"[""Laguna Negra (Black Lagoon)""]"
Soudah,Saudi arabia,"[""Gurun Historic Route""]"
Sousse,Tunisia,"[""Boujaafar Beach"", ""Catacombs of Sousse"", ""Dine at La Villa"", ""Dine at The Saloon"", ""Drink at Le Bohemia"", ""Drink at The Red Iguana"", ""Eat Fresh Seafood at La Plage"", ""Enjoy Live Music at Le Consul"", ""Experience El Kantaoui Harbor"", ""Great Mosque of Sousse"", ""Medina of Sousse"", ""Party at ARSLEN Club"", ""Port El Kantaoui"", ""Relax at Caf\u00e9 Maure"", ""Ribat of Sousse"", ""Stroll on Boujaafar Beach Promenade"", ""Thalassotherapy"", ""Try Chakchouka at La Canta"", ""Visit Bananas Club"", ""Visit El Kasbah Restaurant""]"
Southern Sudan,Sudan,"[""Nimule National Park""]"
Split,Croatia,"[""Explore Marjan Hill"", ""Visit Diocletian\u2019s Palace""]"
Ston,Croatia,"[""Walk the Ston Walls""]"
Sudan-Egypt Border,Sudan,"[""Lake Nubia""]"
Sur,Oman,"[""Al Ayjah Lighthouse"", ""Dhow Factory"", ""Ras Al Jinz Turtle Reserve""]"
Sutomore,Montenegro,"[""Hike to the Fortress of Haj-Nehaj"", ""Visit Maljevik Beach""]"
Sveti Stefan,Montenegro,"[""Relax at Milo\u010der Beach"", ""Take photos of Sveti Stefan Island""]"
Symi,Greece,"[""Admire the Neoclassical Mansions"", ""Discover the Hidden Beach of Agios Georgios""]"
Taba,Egypt,"[""Fjord Bay""]"
Tabuk,Saudi arabia,"[""Al Tawba Mosque"", ""Al-Hizma"", ""Al-Shifa Park"", ""Al-Zareeb Castle"", ""Alqan Village"", ""Bir Ibn Hayan"", ""Duba Beaches"", ""Golden Calf Altar"", ""Greenland Park"", ""Hasma Desert"", ""Hijaz Railway Station"", ""Jabal Lawz"", ""Jabal Maqla"", ""Maghaer Shuaib"", ""Moses Well"", ""NEOM Project"", ""Raes Lake"", ""Souq Twaheen"", ""Tabuk Aquarium"", ""Tabuk Castle"", ""Tabuk Flower Festival"", ""Tabuk Heritage Museum"", ""Tabuk Park Mall"", ""Tabuk Rose Farm"", ""Tabuk Waterfall Park"", ""Tayma Wells"", ""Wadi Al Alqa"", ""Wadi Al Disah"", ""Wadi Dam"", ""Wadi Qaraqir""]"
Taghazout,Morocco,"[""Surfing and Relaxing""]"
Taif,Saudi arabia,"[""Al Faisaliah Garden"", ""Al Hada Mountain"", ""Al Hada Road"", ""Al Rudaf Park"", ""Al Shafa Mountain"", ""Al Shafa Village"", ""Al Shafa and Al Hada Mountains"", ""Al Shareef Museum"", ""Arruddaf Park"", ""Camel Races"", ""Ghazal Resort \u2013 Shifa"", ""Green Mountain Park"", ""Jabra Palace"", ""Masjid Al Kou"", ""Muawiyah Dam"", ""Rose Factory"", ""Saiysad National Park"", ""Shubra Palace"", ""Souq Okaz"", ""Strawberry Farm"", ""Taif Cable Car"", ""Taif Central Market"", ""Taif Regional Museum"", ""Taif Rose Plantation"", ""Taif Water Amusement Park"", ""Taif Zip Line"", ""Taif Zoo"", ""Teen Farm and Cafe"", ""Telefric Al Hasan"", ""Wadi Al Abyad"", ""Wadi Mitna""]"
Taiz,Yamen,"[""Al Janad Mosque"", ""Cairo Castle""]"
Tamerza,Tunisia,"[""Waterfalls and Ruins""]"
Tangier,Morocco,"[""American Legation Museum"", ""Caf\u00e9 Hafa"", ""Cap Spartel"", ""Dar el Makhzen"", ""Dine at Anna & Paolo"", ""Dine at El Morocco Club"", ""Drink at La Terrasse du 9 Avril"", ""Drink at Le Number One"", ""Enjoy Live Music at Tangerinn"", ""Experience Shisha at Caf\u00e9 Hafa"", ""Grand Mosque"", ""Grand Socco"", ""Grand Teatro Cervantes"", ""Hercules Cave"", ""Kasbah Museum"", ""Medina"", ""Medina of Tangier"", ""Moroccan Breakfast at a Local Caf\u00e9"", ""Night Walk on the Corniche"", ""Party at Le Miami Beach"", ""Perdicaris Park"", ""Petit Socco"", ""Plage Municipale"", ""St. Andrew\u2019s Church"", ""Tangier Beach Promenade"", ""Visit Petit Socco at Night"", ""Visit The Riad Tingis""]"
Tanomah,Saudi arabia,"[""Al Habala Hanging Village"", ""Horse Riding in Tanomah"", ""Marble Village"", ""Tanomah Mountains"", ""Tanomah Waterfalls"", ""Wadi Ghamd Forest""]"
Tanta,Egypt,"[""El Samadi Sweets"", ""Sweets at El Samadi""]"
Tarim,Yamen,"[""Explore Tarim""]"
Taroudant,Morocco,"[""Medina of Taroudant""]"
Tataouine,Tunisia,"[""Eat Berber Bread at a Local Market"", ""Enjoy M\u00e9choui in a Berber Village"", ""Ksar Ouled Soltane"", ""Star Wars Sites"", ""Try Harissa Sauce at a Local Market"", ""Try Kefteji at a Local Eatery""]"
Tembaine,Tunisia,"[""Desert Camping""]"
Tenerife,Spain,"[""Pyramids of G\u00fc\u00edmar""]"
Tenerife (Canary Islands),Spain,"[""Playa de Benijo""]"
Teruel (Aragon),Spain,"[""Albarrac\u00edn Village"", ""Mud\u00e9jar Architecture Route""]"
Thessaloniki,Greece,"[""Coffee at a Hidden Rooftop Caf\u00e9"", ""Explore the Ladadika District"", ""Visit the Rotunda""]"
Timimoun,Algeria,"[""Red Dunes""]"
Tinos,Greece,"[""Hike to Exomvourgo Castle"", ""Visit the Marble Village of Pyrgos"", ""Wine Tasting at Volacus Winery""]"
Tipasa,Algeria,"[""Tipasa Roman Ruins""]"
Tivat,Montenegro,"[""Discover St. Mark\u2019s Island"", ""Explore Gornja Lastva Village"", ""Relax at Kalardovo Beach"", ""Relax at Plavi Horizonti Beach"", ""Stroll through Porto Montenegro"", ""Visit the Maritime Heritage Museum""]"
Tlemcen,Algeria,"[""Great Mosque of Tlemcen"", ""Tlemcen National Park""]"
Toledo,Spain,"[""Mirador del Valle"", ""San Juan de los Reyes Monastery""]"
Tozeur,Tunisia,"[""Chebika Oasis"", ""Chott el Djerid"", ""Eat Couscous at Restaurant de la Paix"", ""Eden Palm"", ""Enjoy Date Pastries at a Local Bakery"", ""Folk Museum"", ""Medina of Tozeur"", ""Mid\u00e8s Canyon"", ""Ong Jemal (Camel Neck)"", ""Palm Grove"", ""Sahara Desert Experience"", ""Sahara Lounge"", ""Star Wars Site Mos Espa"", ""Tamerza Oasis"", ""Taste Mtabga at a Street Stall"", ""Taste Tunisian Baklava at Dar Chrait"", ""Tozeur Central Market"", ""Traditional Brickmaking"", ""Try Dates at a Local Market"", ""Zoo du Paradis""]"
Trabzon,Turkey,"[""Sumela Monastery""]"
Tripoli,Lebanon,"[""Al-Mina"", ""Citadel of Raymond de Saint-Gilles""]"
Trogir,Croatia,"[""Explore Trogir Old Town"", ""Visit \u010ciovo Island""]"
Troodos Mountains,Cyprus,"[""Experience a Traditional Cypriot Village"", ""Explore Omodos Village"", ""Explore the Secret Venetian Bridges"", ""Hike the Artemis Trail"", ""Hike the Caledonia Waterfalls Trail"", ""Stargazing at Troodos National Park"", ""Visit the Kykkos Monastery"", ""Visit the Painted Churches of Cyprus""]"
Tunis,Tunisia,"[""Avenue Habib Bourguiba"", ""Bab el Bhar"", ""Bardo Museum"", ""Belvedere Park"", ""Cathedral of St. Vincent de Paul"", ""Dar Ben Abdallah"", ""Dar Hussein"", ""Dine at Chez Nous"", ""Dine at Chez Slah"", ""Dine at Dar Belhadj"", ""Dine at Dar El Jeld"", ""Dine at Le Boeuf sur le Toit"", ""Dine at Le Comptoir de Tunis"", ""Dine at Le Grand Bleu"", ""Dine at Le Zink"", ""Drink at The Cliff"", ""Eat Lablabi at a Local Eatery"", ""Eat Ojja at Caf\u00e9 Saf Saf"", ""Eat Rouz Jerbi at Fondouk El Attarine"", ""Enjoy Fish Couscous at Le Golfe"", ""Enjoy Tunisian Breakfast at Caf\u00e9 Vert"", ""Enjoy Tunisian Mint Tea at Caf\u00e9 des Nattes"", ""Enjoy Tunisian Pastries at P\u00e2tisserie Masmoudi"", ""Enjoy a Show at Le Theatre de l\u2019Etoile du Nord"", ""Experience Shisha at Caf\u00e9 El Ali"", ""Explore Gammarth Nightclubs"", ""Ez-Zitouna Mosque"", ""La Goulette (Tunis Port)"", ""Medina of Tunis"", ""Night Stroll in La Marsa"", ""Place de la Kasbah"", ""Rue Sidi Brahim and Rue du Pacha"", ""Sample Bambalouni at Souk El Attarine"", ""Sample Desserts at P\u00e2tisserie Madame"", ""Sample Pastries at El Mida"", ""Sample Slata Mechouia at La Mamma"", ""Sidi Bou Said"", ""Taste Bouza at El Ali Restaurant"", ""Taste Fricass\u00e9 at a Local Stall"", ""Taste Grilled Mechouia Salad"", ""Taste Harissa Shrimp at Le Mignon"", ""Theatre Municipal de Tunis"", ""Try Baguette Farcie at a Street Stall"", ""Try Brik at El Ali Restaurant"", ""Try Harissa at Bab El Bhar Market"", ""Try Tunisian Kefteji at a Street Stall"", ""Try Tunisian Lamb Couscous at Dar Belhadj"", ""Try Zrir at a Local Bakery"", ""Tunisian Street Food"", ""Visit Havana Caf\u00e9"", ""Visit Le Carpe Diem"", ""Visit Plaza Corniche""]"
Tuscany,Italy,"[""Wine Tasting in Chianti""]"
Tyre,Lebanon,"[""Al-Bass Archaeological Site"", ""Roman Hippodrome""]"
Ulcinj,Montenegro,"[""Explore Ulcinj Old Town"", ""Hike to Valdanos Bay"", ""Relax on Velika Pla\u017ea (Long Beach)"", ""Try kiteboarding on Velika Pla\u017ea"", ""Visit the Ulcinj Saltworks (Solana)"", ""Visit the Valdanos Olive Grove""]"
Umm Al Quwain,United Arab Emirates,"[""Al Sinniyah Island"", ""Dreamland Aqua Park"", ""Umm Al Quwain Fort""]"
Umm Qais,Jordan,"[""Roman Ruins""]"
Valencia,Spain,"[""Albufera Natural Park"", ""Calle de Col\u00f3n's Underground Bunker""]"
Valletta,Malta,"[""Explore St. John\u2019s Co-Cathedral"", ""Strait Street\u2019s Nightlife"", ""The Lascaris War Rooms (Hidden Gem)"", ""Upper Barrakka Gardens""]"
Varaždin,Croatia,"[""Stroll Vara\u017edin Cemetery""]"
Venice,Italy,"[""Bacari Tour: Cicchetti & Wine"", ""Basilica di San Marco at Night"", ""Burano\u2019s Colorful Houses"", ""Ca\u2019 Rezzonico (Hidden Gem)"", ""Eat at a Traditional Osteria"", ""Explore Torcello Island (Hidden Gem)"", ""Explore the Hidden Canals"", ""Explore the Jewish Ghetto (Hidden Gem)"", ""Explore the Rialto Market"", ""Ghost Tour of Venice"", ""Gondola Ride at Sunset"", ""Hidden Courtyards of Venice"", ""Lido Beach Day"", ""Murano Glass Factory Tour"", ""Peggy Guggenheim Collection"", ""Ride the Vaporetto at Sunset"", ""San Giorgio Maggiore Bell Tower"", ""Scala Contarini del Bovolo (Hidden Gem)"", ""Secret Garden at Palazzo Soranzo Cappello (Hidden Gem)"", ""Secret Tour of the Doge\u2019s Palace"", ""Sunset Aperitivo on the Zattere"", ""T Fondaco dei Tedeschi Rooftop"", ""Take a Gondola Ride"", ""Teatro La Fenice"", ""Visit Libreria Acqua Alta"", ""Visit the Arsenal of Venice"", ""Watch a Venice Carnival Mask-Making Workshop""]"
Virpazar,Montenegro,"[""Walk the Panoramic Route \""Cemovsko Polje\"""", ""Wine tasting in Virpazar""]"
Vis,Croatia,"[""Discover Stiniva Cove"", ""Discover the Green Cave"", ""Hike to Mount Hum"", ""Swim in the Blue Cave"", ""Visit Bi\u0161evo Island and Monk Seal Cave""]"
Vukovar,Croatia,"[""Visit the Vukovar Water Tower""]"
Wadi Bani Khalid,Oman,"[""Natural Pools""]"
Wadi Mujib,Jordan,"[""Siq Trail""]"
Wadi Rum,Jordan,"[""Bedouin Bread Making"", ""Bedouin Dinner"", ""Bedouin Music Night"", ""Bedouin Zarb Experience"", ""Camel Milk Tasting"", ""Camel Ride"", ""Climb Burdah Rock Bridge"", ""Cooking Class at Bedouin Camp"", ""Desert Meditation"", ""Desert Yoga Session"", ""Enjoy Bedouin Tea"", ""Experience Bedouin Hospitality"", ""Explore Khazali Canyon"", ""Explore Mushroom Rock"", ""Hiking"", ""Hot Air Balloon Ride"", ""Jeep Tour"", ""Mountain Biking"", ""Overnight Camping"", ""Rock Climbing"", ""Sandboarding"", ""Stargazing"", ""Stargazing at Bedouin Camp"", ""Sunset Tea"", ""Sunset at Um Frouth Rock Arch"", ""Visit Abu Khashaba Canyon"", ""Visit Al-Hasany Dunes"", ""Visit Jabal Umm ad Dami"", ""Visit Lawrence\u2019s House"", ""Visit Lawrence\u2019s Spring"", ""Visit Red Sand Dunes"", ""Visit Seven Pillars of Wisdom"", ""Visit Siq Umm Tawaqi"", ""Visit the Martian Movie Set""]"
Wadi Shab,Oman,"[""Hiking and Swimming""]"
Wahiba Sands,Oman,"[""Camel Riding"", ""Desert Safari""]"
Western Sudan,Sudan,"[""Kordofan's Nuba Mountains""]"
Yanbu,Saudi arabia,"[""Al Fairouz Park"", ""Al Nawras Island"", ""Al-Mahar Island"", ""Bird Watching at Yanbu Wetlands"", ""Boat Tours"", ""Cycling Tour"", ""Dana Mall"", ""Desert Safari"", ""Horseback Riding"", ""Madina Road Cafes"", ""Mangrove Ecotour"", ""Pearl Farm Tour"", ""Red Sea Scuba Diving"", ""Relax at Flamingo Beach"", ""Seafood Dining at Al-Marsa Restaurant"", ""Snorkeling and Diving at Iona Wreck"", ""Sunset at Corniche"", ""Traditional Saudi Dining Experience"", ""Visit Yanbu Castle"", ""Visit to Al-Mahamid Beach"", ""Watersports at Sharm Yanbu"", ""Yanbu Al-Bahr Historic District"", ""Yanbu Art Gallery"", ""Yanbu Fish Market"", ""Yanbu Flower Festival"", ""Yanbu Historic Area"", ""Yanbu Industrial City Tour"", ""Yanbu Lake Park"", ""Yanbu Marina"", ""Yanbu Market Souq"", ""Yanbu Night Market"", ""Yanbu Waterfront""]"
Zabid,Yamen,"[""Great Mosque of Zabid"", ""Historic Town of Zabid""]"
Zadar,Croatia,"[""Hike in Paklenica National Park"", ""Listen to the Sea Organ"", ""Paddleboarding to Love Island"", ""Visit Nin\u2019s Saltworks""]"
Zagorje,Croatia,"[""Visit Trako\u0161\u0107an Castle""]"
Zagreb,Croatia,"[""Cycle Along the Sava River"", ""Discover the Museum of Broken Relationships"", ""Explore Mirogoj Cemetery"", ""Walk through the Upper Town (Gornji Grad)""]"
Zahle,Lebanon,"[""Our Lady of Zahle and Bekaa""]"
Zakynthos,Greece,"[""Blue Caves Boat Tour"", ""Keri Lighthouse Sunset View"", ""Secret Beach: Porto Limnionas"", ""Shipwreck Beach Viewpoint"", ""Turtle Watching in Laganas Bay""]"
Zallaq,Bahrain,"[""Al Areen Wildlife Park"", ""Lost Paradise of Dilmun Water Park""]"
Zamora,Spain,"[""Arribes del Duero Boat Tour"", ""Hidden Romanesque Churches""]"
Zaragoza,Spain,"[""El Tubo Tapas Alley"", ""Monasterio de Piedra""]"
Zarqa,Jordan,"[""Azraq Castle""]"
Zgharta,Lebanon,"[""Ehden Nature Reserve""]"
Zurrieq,Malta,"[""Blue Grotto Boat Ride""]"
eddah,Saudi arabia,"[""Moon Valley""]"
Šibenik,Croatia,"[""Discover Zlarin Island"", ""Discover the Fortress of St. Nicholas"", ""Paddleboarding in Prokljan Lake"", ""Visit St. James Cathedral""]"
Šolta Island,Croatia,"[""Hiking to Vela Stra\u017ea"", ""Swim in Tatinja Bay"", ""Taste Olive Oil at a Family Farm"", ""Wine Tasting in Grohote""]"
Žabljak,Montenegro,"[""Camp at Riblje Lake"", ""Ski at Durmitor Ski Resort"", ""Snowshoeing in Durmitor National Park"", ""Visit Ste\u0107ci Medieval Tombstones""]"
